#	             [0]	             [1]
	2.4634707854e+00	-1.8112592514e-04
	5.6972896784e-01	-1.1052726430e-03
	5.5040947781e-01	-4.8417663174e-04
	6.9994637279e-01	-4.1692173824e-04
	4.1137381204e-01	-6.2284597823e-04
	5.2720961087e-01	2.7348289216e-04
	5.4172070428e-01	-1.5520572723e-04
	5.0387191630e-01	5.3656573459e-04
	5.0351582318e-01	2.0207046741e-04
	4.9469863992e-01	8.1915135157e-04
	4.9112768964e-01	1.3888943961e-04
	4.8290628073e-01	8.7881425638e-04
	4.7644627513e-01	-1.1370241263e-04
	4.7229519426e-01	7.3436960733e-04
	4.6776326269e-01	-4.7498249178e-04
	4.6365882528e-01	4.7720810295e-04
	4.5958160824e-01	-7.9565347572e-04
	4.5669892734e-01	2.4803733412e-04
	4.5339082689e-01	-9.8907674939e-04
	4.5063831638e-01	1.4021435534e-04
	4.4795650330e-01	-9.8902036423e-04
	4.4568437220e-01	1.7672468215e-04
	4.4338432079e-01	-8.2539578629e-04
	4.4136357773e-01	3.1437471918e-04
	4.3944981129e-01	-5.8023505494e-04
	4.3769983650e-01	4.6097913741e-04
	4.3603270749e-01	-3.5745723980e-04
	4.3450238729e-01	5.3278512693e-04
	4.3306522734e-01	-2.3234453002e-04
	4.3171659471e-01	4.8718614930e-04
	4.3045124990e-01	-2.2293850114e-04
	4.2926231977e-01	3.4160040628e-04
	4.2814452238e-01	-2.9137114161e-04
	4.2708574605e-01	1.5741528136e-04
	4.2608975749e-01	-3.6859343517e-04
	4.2514434007e-01	7.2690088101e-06
	4.2425140643e-01	-3.9202338063e-04
	4.2340124864e-01	-6.0114684293e-05
	4.2259670839e-01	-3.3500663572e-04
	4.2182887996e-01	-4.0839822746e-05
	4.2110008451e-01	-2.1700259288e-04
	4.2040299300e-01	2.6647765228e-05
	4.1973998272e-01	-8.9464154726e-05
	4.1910441107e-01	8.4565613350e-05
	4.1849845507e-01	-7.7574947451e-06
	4.1791655511e-01	8.6391088847e-05
	4.1736064526e-01	-2.0769708670e-06
	4.1682593526e-01	2.0612113924e-05
	4.1631402245e-01	-6.2596088413e-05
	4.1582106380e-01	-8.4852297363e-05
	4.1534830203e-01	-1.4528915235e-04
	4.1489242896e-01	-1.7797637602e-04
	4.1445464938e-01	-1.9516416949e-04
	4.1403215759e-01	-2.1041849222e-04
	4.1362574897e-01	-1.7520672462e-04
	4.1323322549e-01	-1.6313329016e-04
	4.1285518909e-01	-8.5349828246e-05
	4.1248981683e-01	-5.7183465639e-05
	4.1213757293e-01	3.6530423499e-05
	4.1179693333e-01	5.5832771440e-05
	4.1146818821e-01	1.3319454150e-04
	4.1115026107e-01	1.1924776934e-04
	4.1084310025e-01	1.5725183746e-04
	4.1054599952e-01	9.9925102960e-05
	4.1025879074e-01	9.5654354891e-05
	4.0998095809e-01	5.8821112918e-06
	4.0971225691e-01	-2.2187409392e-05
	4.0945226194e-01	-1.1624541008e-04
	4.0920085222e-01	-1.3735858148e-04
	4.0895753095e-01	-2.0334170542e-04
	4.0872210637e-01	-1.9006878376e-04
	4.0849430299e-01	-2.0719559892e-04
	4.0827377124e-01	-1.4947815313e-04
	4.0806030652e-01	-1.1927414921e-04
	4.0785357337e-01	-3.0588978182e-05
	4.0765338579e-01	2.2832847984e-05
	4.0745942077e-01	1.1093038495e-04
	4.0727155832e-01	1.5187062694e-04
	4.0708941720e-01	2.0463960319e-04
	4.0691297490e-01	2.0318106019e-04
	4.0674183056e-01	2.0012176948e-04
	4.0657596052e-01	1.4704833483e-04
	4.0641504933e-01	9.3010300477e-05
	4.0625909706e-01	5.7176160088e-06
	4.0610785019e-01	-6.9978111888e-05
	4.0596121314e-01	-1.5472140477e-04
	4.0581903235e-01	-2.1096805219e-04
	4.0568117902e-01	-2.5420631273e-04
	4.0554743397e-01	-2.5821641352e-04
	4.0541776863e-01	-2.3836937689e-04
	4.0529186853e-01	-1.8155187217e-04
	4.0516976165e-01	-1.0600677324e-04
	4.0505114462e-01	-1.0301217421e-05
	4.0493597561e-01	8.5930090352e-05
	4.0482407968e-01	1.7727397067e-04
	4.0471536607e-01	2.4699887916e-04
	4.0460970171e-01	2.8942224316e-04
	4.0450695946e-01	2.9569647424e-04
	4.0440701419e-01	2.6535773440e-04
	4.0430986519e-01	2.0014259379e-04
	1.7330689840e+01	1.4877713724e-04
	8.7120032850e-01	-6.5541691342e-04
	6.2558941632e-01	8.7916983554e-04
	6.5628055663e-01	-5.3489925277e-04
	3.9125372097e-01	1.5648436155e-04
	5.0319570742e-01	-9.4869900001e-05
	4.5859233742e-01	-1.1222761578e-04
	4.5976103137e-01	-1.9152299456e-04
	4.6313649646e-01	-2.4739356198e-04
	4.6651801684e-01	-3.1793191843e-04
	4.7170820340e-01	-3.7299888502e-04
	4.7772632114e-01	-4.3186673294e-04
	4.8425158329e-01	-4.8292245914e-04
	4.9104046387e-01	-5.3171486867e-04
	4.9788641195e-01	-5.7613031650e-04
	5.0464789442e-01	-6.1730268844e-04
	5.1121312469e-01	-6.5485330825e-04
	5.1750037920e-01	-6.8898674331e-04
	5.2344981633e-01	-7.1943430105e-04
	5.2901911503e-01	-7.4617066310e-04
	5.3418047953e-01	-7.6882053392e-04
	5.3891749218e-01	-7.8713657553e-04
	5.4322304498e-01	-8.0113831277e-04
	5.4709757399e-01	-8.1055179970e-04
	5.5054735088e-01	-8.1564914323e-04
	5.5358361090e-01	-8.1646321047e-04
	5.5622080074e-01	-8.1342061629e-04
	5.5847653195e-01	-8.0699634990e-04
	5.6037031764e-01	-7.9766308105e-04
	5.6192301999e-01	-7.8606875574e-04
	5.6315641219e-01	-7.7288316105e-04
	5.6409270804e-01	-7.5878010614e-04
	5.6475420826e-01	-7.4441376381e-04
	5.6516300116e-01	-7.3038599809e-04
	5.6534072585e-01	-7.1722997622e-04
	5.6530837651e-01	-7.0538951108e-04
	5.6508615075e-01	-6.9520468901e-04
	5.6469332970e-01	-6.8690741470e-04
	5.6414818753e-01	-6.8061595076e-04
	5.6346793641e-01	-6.7633609010e-04
	5.6266868578e-01	-6.7397108832e-04
	5.6176543774e-01	-6.7335308467e-04
	5.6077198551e-01	-6.7414187693e-04
	5.5970116186e-01	-6.7602680158e-04
	5.5856458542e-01	-6.7860281337e-04
	5.5737286894e-01	-6.8142230012e-04
	5.5613560723e-01	-6.8401761065e-04
	5.5486143651e-01	-6.8591331885e-04
	5.5355808079e-01	-6.8663883054e-04
	5.5223241702e-01	-6.8574515355e-04
	5.5089053597e-01	-6.8283206423e-04
	5.4953776173e-01	-6.7749293579e-04
	5.4817879223e-01	-6.6939915882e-04
	5.4681767205e-01	-6.5830162814e-04
	5.4545790315e-01	-6.4397487201e-04
	5.4410247863e-01	-6.2627441791e-04
	5.4275389292e-01	-6.0509822312e-04
	5.4141437052e-01	-5.8046177691e-04
	5.4008564529e-01	-5.5236596817e-04
	5.3876917239e-01	-5.2091542287e-04
	5.3746613641e-01	-4.8625612550e-04
	5.3617747722e-01	-4.4858075049e-04
	5.3490396199e-01	-4.0815325577e-04
	5.3364605778e-01	-3.6518731649e-04
	5.3240423585e-01	-3.2000329094e-04
	5.3117874981e-01	-2.7293473712e-04
	5.2996975893e-01	-2.2431617023e-04
	5.2877733645e-01	-1.7449581732e-04
	5.2760147871e-01	-1.2382463526e-04
	5.2644212143e-01	-7.2653069962e-05
	5.2529915684e-01	-2.1327513562e-05
	5.2417243066e-01	2.9822759187e-05
	5.2306176181e-01	8.0482289243e-05
	5.2196694875e-01	1.3035259504e-04
	5.2088777411e-01	1.7915631800e-04
	5.1982400350e-01	2.2664337643e-04
	5.1877540096e-01	2.7258630144e-04
	5.1774172372e-01	3.1678526931e-04
	5.1672271951e-01	3.5909173076e-04
	5.1571818690e-01	3.9927558701e-04
	5.1472779838e-01	4.3734799561e-04
	5.1375140397e-01	4.7310696568e-04
	5.1278872062e-01	5.0653266828e-04
	5.1183951813e-01	5.3758225054e-04
	5.1090358234e-01	5.6622786428e-04
	5.0998068734e-01	5.9247258606e-04
	5.0907061436e-01	6.1633516330e-04
	5.0817315427e-01	6.3785062728e-04
	5.0728809699e-01	6.5707030644e-04
	5.0641523929e-01	6.7405728997e-04
	5.0555437781e-01	6.8888722394e-04
	5.0470531447e-01	7.0164354345e-04
	5.0386785688e-01	7.1241594707e-04
	5.0304181258e-01	7.2130017922e-04
	5.0222699295e-01	7.2839490105e-04
	5.0142321080e-01	7.3380097172e-04
	5.0063027801e-01	7.3762035295e-04
	4.9984801914e-01	7.3995061086e-04
	4.9907624778e-01	7.4089094286e-04
	4.9831478792e-01	7.4053448171e-04
	4.9756345783e-01	7.3897222236e-04
	4.9682208909e-01	7.3628652371e-04
	4.9609049837e-01	7.3255853518e-04
	4.9536852395e-01	7.2785742310e-04
	4.9465598779e-01	7.2225048875e-04
	4.9395272326e-01	7.1579517778e-04
	4.9325856187e-01	7.0854257139e-04
	4.9257334138e-01	7.0053503955e-04
	4.9189689541e-01	6.9180916348e-04
	4.9122906366e-01	6.8239314871e-04
	4.9056969035e-01	6.7230733651e-04
	4.8991861271e-01	6.6156760317e-04
	4.8927568013e-01	6.5018068491e-04
	4.8864074073e-01	6.3814803604e-04
	4.8801364374e-01	6.2546565473e-04
	4.8739424240e-01	6.1212401637e-04
	4.8678239416e-01	5.9810829970e-04
	4.8617795555e-01	5.8340040371e-04
	4.8558078819e-01	5.6797795011e-04
	4.8499075697e-01	5.5181532371e-04
	4.8440773470e-01	5.3488315062e-04
	4.8383158372e-01	5.1715347385e-04
	4.8326218133e-01	4.9859407168e-04
	4.8269940279e-01	4.7917305142e-04
	4.8214313056e-01	4.5885730288e-04
	4.8159324340e-01	4.3761564592e-04
	4.8104963105e-01	4.1541599127e-04
	4.8051218131e-01	3.9222866915e-04
	4.7998078367e-01	3.6802615789e-04
	4.7945533649e-01	3.4278197594e-04
	4.7893573646e-01	3.1647327288e-04
	4.7842188405e-01	2.8908026104e-04
	4.7791368282e-01	2.6058653417e-04
	4.7741104098e-01	2.3097904496e-04
	4.7691386465e-01	2.0024992840e-04
	4.7642210135e-01	1.6838609631e-04
	4.7593553231e-01	1.3541548300e-04
	4.7545430646e-01	1.0130507689e-04
	4.7497808221e-01	6.6100798512e-05
	4.7450704034e-01	2.9785100784e-05
	4.7404084531e-01	-7.5900825832e-06
	4.7357968047e-01	-4.6028098888e-05
	4.7312325341e-01	-8.5478608036e-05
	4.7267161858e-01	-1.2591055898e-04
	4.7222467740e-01	-1.6728402606e-04
	4.7178236907e-01	-2.0955320290e-04
	4.7134462631e-01	-2.5266621039e-04
	4.7091138320e-01	-2.9656567985e-04
	4.7048258579e-01	-3.4119206738e-04
	4.7005817129e-01	-3.8647921512e-04
	4.6963808256e-01	-4.3235654230e-04
	4.6922226405e-01	-4.7875036106e-04
	4.6881066072e-01	-5.2558237357e-04
	4.6840321965e-01	-5.7277057940e-04
	4.6799988870e-01	-6.2022960254e-04
	4.6760061592e-01	-6.6787075861e-04
	4.6720535102e-01	-7.1560235967e-04
	4.6681404637e-01	-7.6333066294e-04
	4.6642665193e-01	-8.1095868470e-04
	4.6604312193e-01	-8.5838811716e-04
	4.6566340993e-01	-9.0551857088e-04
	4.6528746953e-01	-9.5224892304e-04
	4.6491525658e-01	-9.9847598884e-04
	4.6454672780e-01	-1.0440965010e-03
	4.6418187132e-01	-1.0890034243e-03
	4.6382051011e-01	-1.1331117891e-03
	4.6346283306e-01	-1.1762772670e-03
	4.6310855521e-01	-1.2184467476e-03
	4.6275786061e-01	-1.2594681833e-03
	4.6241048897e-01	-1.2992912165e-03
	4.6206661472e-01	-1.3377633500e-03
	4.6172602311e-01	-1.3748344820e-03
	4.6138875611e-01	-1.4103835152e-03
	4.6105477470e-01	-1.4443190629e-03
	4.6072403052e-01	-1.4765525024e-03
	4.6039648838e-01	-1.5069966809e-03
	4.6007210857e-01	-1.5355660644e-03
	4.5975085145e-01	-1.5621793278e-03
	4.5943268601e-01	-1.5867589010e-03
	4.5911757526e-01	-1.6092293558e-03
	4.5880548136e-01	-1.6295217468e-03
	4.5849636899e-01	-1.6475697880e-03
	4.5819020441e-01	-1.6633114659e-03
	4.5788696464e-01	-1.6766819495e-03
	4.5758657677e-01	-1.6876551777e-03
	4.5728905005e-01	-1.6961486705e-03
	4.5699433212e-01	-1.7021461271e-03
	4.5670239275e-01	-1.7055903579e-03
	4.5641319447e-01	-1.7064678984e-03
	4.5612670576e-01	-1.7047334137e-03
	4.5584290997e-01	-1.7003727994e-03
	4.5556174284e-01	-1.6933784193e-03
	4.5528319665e-01	-1.6837259374e-03
	4.5500723590e-01	-1.6714133617e-03
	4.5473383012e-01	-1.6564405558e-03
	4.5446294575e-01	-1.6388125845e-03
	4.5419455076e-01	-1.6185411271e-03
	4.5392861769e-01	-1.5956410653e-03
	4.5366510117e-01	-1.5701299802e-03
	4.5340403464e-01	-1.5420380351e-03
	4.5314527584e-01	-1.5114087065e-03
	4.5288893124e-01	-1.4782538736e-03
	4.5263483686e-01	-1.4426441002e-03
	4.5238309669e-01	-1.4045997602e-03
	4.5213355050e-01	-1.3642006823e-03
	4.5188628459e-01	-1.3214748827e-03
	4.5164120951e-01	-1.2765111074e-03
	4.5139831407e-01	-1.2293657910e-03
	4.5115757427e-01	-1.1801092193e-03
	4.5091896266e-01	-1.1288180673e-03
	4.5068245135e-01	-1.0755737854e-03
	4.5044801510e-01	-1.0204605176e-03
	4.5021562908e-01	-9.6356703198e-04
	4.4998527049e-01	-9.0498411675e-04
	4.4975691378e-01	-8.4480855901e-04
	4.4953053430e-01	-7.8313937807e-04
	4.4930610768e-01	-7.2007934577e-04
	4.4908361084e-01	-6.5573425841e-04
	4.4886302400e-01	-5.9022369664e-04
	4.4864432875e-01	-5.2361520018e-04
	4.4842747140e-01	-4.5609724492e-04
	4.4821247346e-01	-3.8770165749e-04
	4.4799927528e-01	-3.1862810646e-04
	4.4778788801e-01	-2.4891703697e-04
	4.4757825584e-01	-1.7876956592e-04
	4.4737039327e-01	-1.0824119931e-04
	4.4716425363e-01	-3.7491691855e-05
	4.4695981761e-01	3.3360888470e-05
	4.4675707269e-01	1.0419176306e-04
	4.4655599771e-01	1.7487400735e-04
	4.4635657000e-01	2.4528089604e-04
	4.4615876887e-01	3.1528446750e-04
	4.4596257551e-01	3.8475873167e-04
	4.4576797132e-01	4.5357740233e-04
	4.4557493742e-01	5.2161404147e-04
	4.4538345387e-01	5.8874394170e-04
	4.4519350081e-01	6.5484295876e-04
	4.4500505996e-01	7.1978778828e-04
	4.4481811201e-01	7.8345675431e-04
	4.4463264179e-01	8.4574127547e-04
	4.4444863066e-01	9.0649197484e-04
	4.4426605387e-01	9.6563786676e-04
	4.4408490796e-01	1.0230172948e-03
	4.4390515836e-01	1.0785698765e-03
	4.4372680503e-01	1.1321340427e-03
	4.4354981052e-01	1.1836549586e-03
	4.4337417800e-01	1.2329982718e-03
	4.4319987833e-01	1.2800735515e-03
	4.4302689959e-01	1.3247877938e-03
	4.4285522741e-01	1.3670455417e-03
	4.4268484241e-01	1.4067604176e-03
	4.4251572794e-01	1.4438488006e-03
	4.4234786929e-01	1.4782297430e-03
	4.4218125119e-01	1.5098282947e-03
	4.4201585942e-01	1.5385728447e-03
	4.4185167905e-01	1.5643954146e-03
	4.4168869332e-01	1.5872350840e-03
	4.4152688760e-01	1.6070345817e-03
	4.4136624799e-01	1.6237413034e-03
	4.4120676116e-01	1.6373075281e-03
	4.4104841322e-01	1.6476906825e-03
	4.4089119001e-01	1.6548532564e-03
	4.4073507683e-01	1.6587646585e-03
	4.4058006101e-01	1.6593978621e-03
	4.4042612981e-01	1.6567319594e-03
	4.4027327115e-01	1.6507504622e-03
	4.4012147190e-01	1.6414435913e-03
	4.3997071914e-01	1.6288072640e-03
	4.3982100100e-01	1.6128421508e-03
	4.3967230557e-01	1.5935553693e-03
	4.3952462177e-01	1.5709587895e-03
	4.3937793816e-01	1.5450705442e-03
	4.3923224355e-01	1.5159134716e-03
	4.3908752649e-01	1.4835174672e-03
	4.3894378583e-01	1.4479049767e-03
	4.3880096736e-01	1.4091673733e-03
	4.3865914806e-01	1.3672610711e-03
	4.3851821288e-01	1.3223339882e-03
	4.3837825722e-01	1.2743517735e-03
	4.3823916762e-01	1.2234642896e-03
	4.3810103723e-01	1.1696528233e-03
	4.3796376422e-01	1.1130627255e-03
	4.3782740091e-01	1.0537356328e-03
	4.3769191816e-01	9.9175537593e-04
	4.3755731055e-01	9.2721247159e-04
	4.3742356848e-01	8.6019920972e-04
	4.3729068400e-01	7.9081239625e-04
	4.3715865023e-01	7.1915292674e-04
	4.3702746006e-01	6.4532562942e-04
	4.3689710555e-01	5.6944026500e-04
	4.3676757990e-01	4.9161007676e-04
	4.3663887638e-01	4.1195234496e-04
	4.3651098742e-01	3.3058846998e-04
	4.3638390716e-01	2.4764253291e-04
	4.3625762954e-01	1.6324220680e-04
	4.3613214659e-01	7.7508737067e-05
	4.3600745267e-01	-9.4002481687e-06
	4.3588354618e-01	-9.7363398898e-05
	4.3576041569e-01	-1.8625562362e-04
	4.3563805921e-01	-2.7590621060e-04
	4.3551647036e-01	-3.6618864077e-04
	4.3539564363e-01	-4.5695825143e-04
	4.3527557282e-01	-5.4806566478e-04
	4.3515625365e-01	-6.3936392715e-04
	4.3503767964e-01	-7.3070249967e-04
	4.3491984775e-01	-8.2193298361e-04
	4.3480275104e-01	-9.1290257962e-04
	4.3468638644e-01	-1.0034617698e-03
	4.3457074863e-01	-1.0934586933e-03
	4.3445583131e-01	-1.1827409392e-03
	4.3434163093e-01	-1.2711585322e-03
	4.3422814213e-01	-1.3585601318e-03
	4.3411536142e-01	-1.4447972035e-03
	4.3400328368e-01	-1.5297204951e-03
	4.3389190534e-01	-1.6131837444e-03
	4.3378121895e-01	-1.6950388186e-03
	4.3367122174e-01	-1.7751430925e-03
	4.3356192009e-01	-1.8533809076e-03
	4.3345326831e-01	-1.9295141185e-03
	4.3334532499e-01	-2.0035683854e-03
	4.3323803557e-01	-2.0752596472e-03
	4.3313141006e-01	-2.1445221018e-03
	4.3302545047e-01	-2.2112298300e-03
	4.3292014686e-01	-2.2752446649e-03
	4.3281549474e-01	-2.3364481120e-03
	4.3271149099e-01	-2.3947254964e-03
	4.3260813054e-01	-2.4499625490e-03
	4.3250540739e-01	-2.5020482835e-03
	4.3240331687e-01	-2.5508786041e-03
	4.3230185526e-01	-2.5963553489e-03
	4.3220101819e-01	-2.6383833931e-03
	4.3210080029e-01	-2.6768717507e-03
	4.3200119676e-01	-2.7117364335e-03
	4.3190220282e-01	-2.7428987602e-03
	4.3180381335e-01	-2.7702845198e-03
	4.3170602412e-01	-2.7938262805e-03
	4.3160883064e-01	-2.8134618541e-03
	4.3151222811e-01	-2.8291350048e-03
	4.3141621171e-01	-2.8407967914e-03
	4.3132077637e-01	-2.8484027327e-03
	4.3122591799e-01	-2.8519171796e-03
	4.3113163159e-01	-2.8513083967e-03
	4.3103791279e-01	-2.8465512614e-03
	4.3094475642e-01	-2.8376292167e-03
	4.3085215773e-01	-2.8245319649e-03
	4.3076011203e-01	-2.8072548430e-03
	4.3066861483e-01	-2.7858005518e-03
	4.3057766161e-01	-2.7601780983e-03
	4.3048724780e-01	-2.7304044308e-03
	4.3039736864e-01	-2.6965032434e-03
	4.3030801963e-01	-2.6585045918e-03
	4.3021919654e-01	-2.6164459231e-03
	4.3013089506e-01	-2.5703709916e-03
	4.3004311114e-01	-2.5203301397e-03
	4.2995584002e-01	-2.4663824041e-03
	4.2986907747e-01	-2.4085917089e-03
	4.2978281975e-01	-2.3470294446e-03
	4.2969706273e-01	-2.2817736550e-03
	4.2961180251e-01	-2.2129083024e-03
	4.2952703493e-01	-2.1405247027e-03
	4.2944275607e-01	-2.0647202074e-03
	4.2935896203e-01	-1.9855986590e-03
	4.2927564964e-01	-1.9032692536e-03
	4.2919281463e-01	-1.8178480355e-03
	4.2911045371e-01	-1.7294559551e-03
	4.2902856321e-01	-1.6382206763e-03
	4.2894713953e-01	-1.5442750436e-03
	4.2886617903e-01	-1.4477568828e-03
	4.2878567864e-01	-1.3488095923e-03
	4.2870563494e-01	-1.2475810748e-03
	4.2862605884e-01	-1.1442069962e-03
	4.2854692067e-01	-1.0388980939e-03
	4.2846823197e-01	-9.3176234731e-04
	4.2838998050e-01	-8.2298555417e-04
	4.2831217084e-01	-7.1273259651e-04
	4.2823479747e-01	-6.0118009914e-04
	4.2815785835e-01	-4.8850389365e-04
	4.2808135062e-01	-3.7488315271e-04
	4.2800527161e-01	-2.6050061514e-04
	4.2792961754e-01	-1.4554142400e-04
	4.2785438517e-01	-3.0193197076e-05
	4.2777957006e-01	8.5355554039e-05
	4.2770517045e-01	2.0091342052e-04
	4.2763118383e-01	3.1628851438e-04
	4.2755760816e-01	4.3128724943e-04
	4.2748443782e-01	5.4571657744e-04
	4.2741167048e-01	6.5938053604e-04
	4.2733930168e-01	7.7208564400e-04
	4.2726731526e-01	8.8361464072e-04
	4.2719574916e-01	9.9384209574e-04
	4.2712454898e-01	1.1024794087e-03
	4.2705375504e-01	1.2094355466e-03
	4.2698333360e-01	1.3144129556e-03
	4.2691329615e-01	1.4173367325e-03
	4.2684363448e-01	1.5178991090e-03
	4.2677433943e-01	1.6160429354e-03
	4.2670542771e-01	1.7114525483e-03
	4.2663685765e-01	1.8040907692e-03
	4.2656868031e-01	1.8936334339e-03
	4.2650082281e-01	1.9800644165e-03
	4.2643336612e-01	2.0630531114e-03
	4.2636620556e-01	2.1426055698e-03
	4.2629945149e-01	2.2183873211e-03
	4.2623297403e-01	2.2904253437e-03
	4.2616690840e-01	2.3583838298e-03
	4.2610109942e-01	2.4223094768e-03
	4.2603567848e-01	2.4819061581e-03
	4.2597057162e-01	2.5371115486e-03
	4.2590579160e-01	2.5877930428e-03
	4.2584132957e-01	2.6338287133e-03
	4.2577718079e-01	2.6751077096e-03
	4.2571334355e-01	2.7115240445e-03
	4.2564981497e-01	2.7429782767e-03
	4.2558659189e-01	2.7693773465e-03
	4.2552367194e-01	2.7906357500e-03
	4.2546105061e-01	2.8066778902e-03
	4.2539872235e-01	2.8174371409e-03
	4.2533667642e-01	2.8229179449e-03
	4.2527496028e-01	2.8228474581e-03
	4.2521346639e-01	2.8175261266e-03
	4.2515232448e-01	2.8065195586e-03
	4.2509138610e-01	2.7902346190e-03
	4.2503079741e-01	2.7681968848e-03
	4.2497040721e-01	2.7408810837e-03
	4.2491036734e-01	2.7077700089e-03
	4.2485052304e-01	2.6694137363e-03
	4.2479102490e-01	2.6252567922e-03
	4.2473171382e-01	2.5759356075e-03
	4.2467274118e-01	2.5208517373e-03
	4.2461395872e-01	2.4607090634e-03
	4.2455550851e-01	2.3948764506e-03
	4.2449725836e-01	2.3241215208e-03
	4.2443932503e-01	2.2477933878e-03
	4.2438160102e-01	2.1667174352e-03
	4.2432417556e-01	2.0802264507e-03
	4.2426698053e-01	1.9891843434e-03
	4.2421006335e-01	1.8929325921e-03
	4.2415338528e-01	1.7922572307e-03
	4.2409697862e-01	1.6868779201e-03
	4.2404083634e-01	1.5770896756e-03
	4.2398495917e-01	1.4629771193e-03
	4.2392934455e-01	1.3447094150e-03
	4.2387399447e-01	1.2224412702e-03
	4.2381891348e-01	1.0963434548e-03
	4.2376410014e-01	9.6658682979e-04
	4.2370955500e-01	8.3335268414e-04
	4.2365528169e-01	6.9682834419e-04
	4.2360128287e-01	5.5721016591e-04
	4.2354756382e-01	4.1470410898e-04
	4.2349413628e-01	2.6950677863e-04
	4.2344101227e-01	1.2190990087e-04
	4.2338811540e-01	-2.8005538529e-05
	4.2333554235e-01	-1.7991492644e-04
	4.2328324012e-01	-3.3362871303e-04
	4.2323124100e-01	-4.8888913074e-04
	4.2317953870e-01	-6.4546109831e-04
	4.2312813722e-01	-8.0309609659e-04
	4.2307703372e-01	-9.6154879450e-04
	4.2302623121e-01	-1.1205654653e-03
	4.2297573741e-01	-1.2798899536e-03
	4.2292555831e-01	-1.4392611609e-03
	4.2287569862e-01	-1.5984174434e-03
	4.2282615679e-01	-1.7570968165e-03
	4.2277693220e-01	-1.9150347939e-03
	4.2272802213e-01	-2.0719653123e-03
	4.2267943364e-01	-2.2276213296e-03
	4.2263117573e-01	-2.3817356377e-03
	4.2258325241e-01	-2.5340405307e-03
	4.2253566330e-01	-2.6842695957e-03
	4.2248840405e-01	-2.8321569897e-03
	4.2244147374e-01	-2.9774377063e-03
	4.2239484668e-01	-3.1198621343e-03
	4.2234868138e-01	-3.2591493610e-03
	4.2230265225e-01	-3.3950268492e-03
	4.2225719098e-01	-3.5273009751e-03
	4.2221183542e-01	-3.6556225361e-03
	4.2216703618e-01	-3.7798830177e-03
	4.2212233541e-01	-3.8996498982e-03
	4.2207820139e-01	-4.0149167492e-03
	4.2203421265e-01	-4.1252314365e-03
	4.2199065395e-01	-4.2304934675e-03
	4.2194742391e-01	-4.3304547339e-03
	4.2190452992e-01	-4.4248988112e-03
	4.2186195490e-01	-4.5136089121e-03
	4.2181970111e-01	-4.5963813577e-03
	4.2177777118e-01	-4.6730289219e-03
	4.2173625296e-01	-4.7434508385e-03
	4.2169487430e-01	-4.8071971455e-03
	4.2165402922e-01	-4.8645005920e-03
	4.2161327241e-01	-4.9147855121e-03
	4.2157305309e-01	-4.9583053305e-03
	4.2153296541e-01	-4.9945660839e-03
	4.2149324648e-01	-5.0236247750e-03
	4.2145384409e-01	-5.0453593504e-03
	4.2141473708e-01	-5.0596195238e-03
	4.2137592268e-01	-5.0663219817e-03
	4.2133739416e-01	-5.0653769642e-03
	4.2129915803e-01	-5.0567094818e-03
	4.2126118380e-01	-5.0403948172e-03
	4.2122349725e-01	-5.0158922281e-03
	4.2118615490e-01	-4.9838019125e-03
	4.2114902336e-01	-4.9437191376e-03
	4.2111211506e-01	-4.8958737798e-03
	4.2107554113e-01	-4.8397256207e-03
	4.2103919757e-01	-4.7761324074e-03
	4.2100314847e-01	-4.7041584674e-03
	4.2096730911e-01	-4.6248330986e-03
	4.2093178327e-01	-4.5371961944e-03
	4.2089642845e-01	-4.4423215574e-03
	4.2086141904e-01	-4.3392610766e-03
	4.2082654451e-01	-4.2291303785e-03
	4.2079203550e-01	-4.1110167711e-03
	4.2075771138e-01	-3.9859044084e-03
	4.2072362876e-01	-3.8533917824e-03
	4.2068977953e-01	-3.7138367432e-03
	4.2065616287e-01	-3.5672960280e-03
	4.2062278406e-01	-3.4139859873e-03
	4.2058963946e-01	-3.2540632826e-03
	4.2055673355e-01	-3.0877238341e-03
	4.2052406627e-01	-2.9151609845e-03
	4.2049163853e-01	-2.7365874983e-03
	4.2045944767e-01	-2.5522343011e-03
	4.2042749098e-01	-2.3623403780e-03
	4.2039577185e-01	-2.1671530788e-03
	4.2036429470e-01	-1.9669286961e-03
	4.2033306685e-01	-1.7619285954e-03
	4.2030203419e-01	-1.5524536257e-03
	4.2027126170e-01	-1.3388522990e-03
	4.2024081163e-01	-1.1212277312e-03
	4.2021054224e-01	-9.0006676241e-04
	4.2018056309e-01	-6.7559512743e-04
	4.2015082921e-01	-4.4818042612e-04
	4.2012136928e-01	-2.1813684299e-04
	4.2009216384e-01	1.4183018916e-05
	4.2006322047e-01	2.4843586371e-04
	4.2003454152e-01	4.8426142581e-04
	4.2000612753e-01	7.2130531300e-04
	4.1997799143e-01	9.5920187272e-04
	4.1995013780e-01	1.1975801037e-03
	4.1992256065e-01	1.4360682059e-03
	4.1989525761e-01	1.6744468387e-03
	4.1986808729e-01	1.9118234799e-03
	4.1984152922e-01	2.1485142425e-03
	4.1981483998e-01	2.3835518894e-03
	4.1978876525e-01	2.6168508530e-03
	4.1976285607e-01	2.8479156685e-03
	4.1973727081e-01	3.0763976973e-03
	4.1971197342e-01	3.3018935802e-03
	4.1968695342e-01	3.5240212913e-03
	4.1966222908e-01	3.7423909872e-03
	4.1963778737e-01	3.9566174208e-03
	4.1961364421e-01	4.1663189457e-03
	4.1958979330e-01	4.3711132300e-03
	4.1956623199e-01	4.5706273392e-03
	4.1954293941e-01	4.7644919388e-03
	4.1951991505e-01	4.9523460761e-03
	4.1949716948e-01	5.1338300814e-03
	4.1947471191e-01	5.3085845765e-03
	4.1945253167e-01	5.4762619018e-03
	4.1943062297e-01	5.6365279029e-03
	4.1940890646e-01	5.7891893245e-03
	4.1938767304e-01	5.9334616922e-03
	4.1936634069e-01	6.0697792185e-03
	4.1934554816e-01	6.1971421630e-03
	4.1932487511e-01	6.3156044262e-03
	4.1930447203e-01	6.4248287835e-03
	4.1928428766e-01	6.5245444622e-03
	4.1926420508e-01	6.6146472606e-03
	4.1924462788e-01	6.6943466921e-03
	4.1922492229e-01	6.7642654066e-03
	4.1920576478e-01	6.8233113601e-03
	4.1918644937e-01	6.8721342782e-03
	4.1916768751e-01	6.9096789414e-03
	4.1914873236e-01	6.9366779867e-03
	4.1913027605e-01	6.9521170819e-03
	4.1911185620e-01	6.9563940373e-03
	4.1909364270e-01	6.9492600368e-03
	4.1907555467e-01	6.9305877680e-03
	4.1905763032e-01	6.9003116892e-03
	4.1903985678e-01	6.8583351437e-03
	4.1902222086e-01	6.8046118250e-03
	4.1900473994e-01	6.7391146838e-03
	4.1898740938e-01	6.6618130677e-03
	4.1897021716e-01	6.5727167930e-03
	4.1895315333e-01	6.4718323861e-03
	4.1893621878e-01	6.3591986325e-03
	4.1891942229e-01	6.2348755750e-03
	4.1890276615e-01	6.0989418737e-03
	4.1888625321e-01	5.9514960979e-03
	4.1886987463e-01	5.7926408035e-03
	4.1885362872e-01	5.6225067910e-03
	4.1883752063e-01	5.4412350147e-03
	4.1882156237e-01	5.2490093890e-03
	4.1880576273e-01	5.0460254713e-03
	4.1879012778e-01	4.8324927101e-03
	4.1877465582e-01	4.6086234786e-03
	4.1875934286e-01	4.3746534667e-03
	4.1874420953e-01	4.1308520597e-03
	4.1872926981e-01	3.8775052143e-03
	4.1871453808e-01	3.6149246225e-03
	4.1870002578e-01	3.3434236062e-03
	4.1868572650e-01	3.0633219374e-03
	4.1867165395e-01	2.7749656958e-03
	4.1865782470e-01	2.4787238463e-03
	4.1864426660e-01	2.1749934524e-03
	4.1863099638e-01	1.8641800916e-03
	4.1861802396e-01	1.5466929201e-03
	4.1860534623e-01	1.2229531234e-03
	4.1859298331e-01	8.9339794601e-04
	4.1858094917e-01	5.5861600525e-04
	4.1856935639e-01	2.1893527848e-04
	4.1855802579e-01	-1.2525786329e-04
	4.1854718704e-01	-4.7328128262e-04
	4.1853669249e-01	-8.2472931596e-04
	4.1852662295e-01	-1.1790435728e-03
	4.1851697524e-01	-1.5357054043e-03
	4.1850779953e-01	-1.8941615482e-03
	4.1849911577e-01	-2.2538594791e-03
	4.1849093842e-01	-2.6142455108e-03
	4.1848325909e-01	-2.9747609166e-03
	4.1847607398e-01	-3.3348421939e-03
	4.1846940401e-01	-3.6939129113e-03
	4.1846328892e-01	-4.0513889130e-03
	4.1845777021e-01	-4.4066842703e-03
	4.1845282208e-01	-4.7594118819e-03
	4.1844872244e-01	-5.1085017445e-03
	4.1844488329e-01	-5.4537422153e-03
	4.1844178842e-01	-5.7943978565e-03
	4.1843919332e-01	-6.1299391226e-03
	4.1843724638e-01	-6.4597462965e-03
	4.1843594479e-01	-6.7832556275e-03
	4.1843530175e-01	-7.0998758474e-03
	4.1843529808e-01	-7.4090258541e-03
	4.1843592547e-01	-7.7101284419e-03
	4.1843717380e-01	-8.0026117228e-03
	4.1843906371e-01	-8.2859164716e-03
	4.1844160225e-01	-8.5594924551e-03
	4.1844480183e-01	-8.8227986084e-03
	4.1844865419e-01	-9.0753033904e-03
	4.1845313276e-01	-9.3164797724e-03
	4.1845823807e-01	-9.5458120070e-03
	4.1846394003e-01	-9.7628006985e-03
	4.1847025723e-01	-9.9669583333e-03
	4.1847729949e-01	-1.0158026520e-02
	4.1848465600e-01	-1.0335077298e-02
	4.1849276819e-01	-1.0497987498e-02
	4.1850142622e-01	-1.0646316969e-02
	4.1851065955e-01	-1.0779639677e-02
	4.1852044061e-01	-1.0897565749e-02
	4.1853089715e-01	-1.0999849368e-02
	4.1854140436e-01	-1.1085673825e-02
	4.1855303447e-01	-1.1155503903e-02
	4.1856454138e-01	-1.1208277135e-02
	4.1857716266e-01	-1.1244422772e-02
	4.1858968126e-01	-1.1262966368e-02
	4.1860287507e-01	-1.1264178642e-02
	4.1861644668e-01	-1.1247758205e-02
	4.1863052082e-01	-1.1213535267e-02
	4.1864493388e-01	-1.1161323438e-02
	4.1865972135e-01	-1.1091008204e-02
	4.1867490343e-01	-1.1002511728e-02
	4.1869042763e-01	-1.0895749881e-02
	4.1870629095e-01	-1.0770694609e-02
	4.1872249216e-01	-1.0627347487e-02
	4.1873900686e-01	-1.0465723741e-02
	4.1875582775e-01	-1.0285866118e-02
	4.1877295873e-01	-1.0087860071e-02
	4.1879038308e-01	-9.8718164915e-03
	4.1880809345e-01	-9.6378778245e-03
	4.1882608938e-01	-9.3862178833e-03
	4.1884436696e-01	-9.1170379775e-03
	4.1886293249e-01	-8.8305600227e-03
	4.1888178218e-01	-8.5270531462e-03
	4.1890091399e-01	-8.2068065829e-03
	4.1892033255e-01	-7.8701450556e-03
	4.1894004640e-01	-7.5174221046e-03
	4.1896006042e-01	-7.1490210614e-03
	4.1898039253e-01	-6.7653456281e-03
	4.1900104593e-01	-6.3668427538e-03
	4.1902202910e-01	-5.9539750118e-03
	4.1904323911e-01	-5.5273408103e-03
	4.1906491171e-01	-5.0876015818e-03
	4.1908707059e-01	-4.6346441824e-03
	4.1910950540e-01	-4.1696519628e-03
	4.1913240436e-01	-3.6929656152e-03
	4.1915572831e-01	-3.2053477451e-03
	4.1917951418e-01	-2.7074247211e-03
	4.1920378197e-01	-2.1998914855e-03
	4.1922857457e-01	-1.6834328905e-03
	4.1925391923e-01	-1.1587781013e-03
	4.1927965942e-01	-6.2595074927e-04
	4.1930596684e-01	-8.8155702979e-05
	4.1933337700e-01	4.5740267770e-04
	4.1936046905e-01	1.0067609148e-03
	4.1938909101e-01	1.5607606909e-03
	4.1941809666e-01	2.1180307374e-03
	4.1944788520e-01	2.6778903863e-03
	4.1947840202e-01	3.2394025476e-03
	4.1950966154e-01	3.8016936028e-03
	4.1954169320e-01	4.3638617878e-03
	4.1957452762e-01	4.9250040653e-03
	4.1960819891e-01	5.4842037306e-03
	4.1964274514e-01	6.0405276356e-03
	4.1967815963e-01	6.5930440828e-03
	4.1971442531e-01	7.1408220625e-03
	4.1975156265e-01	7.6829232112e-03
	4.1978957825e-01	8.2184032873e-03
	4.1982852067e-01	8.7463173662e-03
	4.1986841232e-01	9.2657164877e-03
	4.1990925532e-01	9.7756593944e-03
	4.1995101518e-01	1.0275215703e-02
	4.1999367690e-01	1.0763562587e-02
	4.2003749377e-01	1.1239402768e-02
	4.2008158415e-01	1.1702535084e-02
	4.2012739756e-01	1.2151039177e-02
	4.2017326944e-01	1.2585287730e-02
	4.2022094515e-01	1.3002866318e-02
	4.2026855805e-01	1.3404746488e-02
	4.2031782837e-01	1.3788284375e-02
	4.2036740859e-01	1.4153772423e-02
	4.2041798072e-01	1.4500055820e-02
	4.2046929584e-01	1.4826375145e-02
	4.2052141251e-01	1.5131970289e-02
	4.2057425157e-01	1.5416090239e-02
	4.2062772987e-01	1.5678051894e-02
	4.2068183313e-01	1.5917141440e-02
	4.2073656962e-01	1.6132718441e-02
	4.2079194453e-01	1.6324145346e-02
	4.2084792227e-01	1.6490827767e-02
	4.2090440205e-01	1.6632212635e-02
	4.2096129590e-01	1.6748001046e-02
	4.2101892540e-01	1.6836429442e-02
	4.2107641625e-01	1.6899520834e-02
	4.2113492613e-01	1.6934111234e-02
	4.2119312843e-01	1.6942446209e-02
	4.2125224406e-01	1.6921601208e-02
	4.2131097676e-01	1.6873904659e-02
	4.2137055383e-01	1.6796364351e-02
	4.2143001814e-01	1.6690920701e-02
	4.2148982497e-01	1.6556529917e-02
	4.2154954541e-01	1.6393355145e-02
	4.2160953400e-01	1.6201133202e-02
	4.2166954334e-01	1.5979844180e-02
	4.2172958452e-01	1.5729581081e-02
	4.2178974453e-01	1.5450399402e-02
	4.2184999278e-01	1.5142415317e-02
	4.2191027353e-01	1.4805787778e-02
	4.2197055931e-01	1.4440700303e-02
	4.2203085333e-01	1.4047400758e-02
	4.2209118319e-01	1.3626238942e-02
	4.2215160454e-01	1.3177605342e-02
	4.2221209474e-01	1.2701892075e-02
	4.2227265330e-01	1.2199554393e-02
	4.2233325867e-01	1.1671059282e-02
	4.2239395327e-01	1.1116969240e-02
	4.2245480258e-01	1.0537927074e-02
	4.2251586620e-01	9.9346170233e-03
	4.2257716089e-01	9.3077312618e-03
	4.2263868033e-01	8.6579968501e-03
	4.2270045243e-01	7.9861866047e-03
	4.2276253750e-01	7.2931542834e-03
	4.2282504218e-01	6.5798353998e-03
	4.2288805123e-01	5.8471806218e-03
	4.2295157002e-01	5.0961633880e-03
	4.2301563057e-01	4.3277849043e-03
	4.2308026125e-01	3.5430947262e-03
	4.2314555625e-01	2.7432251090e-03
	4.2321164298e-01	1.9293555176e-03
	4.2327843017e-01	1.1032301427e-03
	4.2334643661e-01	2.6515339567e-04
	4.2341513833e-01	-5.8344973387e-04
	4.2348499509e-01	-1.4410436922e-03
	4.2355582918e-01	-2.3063965753e-03
	4.2362784122e-01	-3.1780670493e-03
	4.2370112169e-01	-4.0546484460e-03
	4.2377574409e-01	-4.9347068706e-03
	4.2385170884e-01	-5.8168024433e-03
	4.2392901689e-01	-6.6994744869e-03
	4.2400769765e-01	-7.5812275246e-03
	4.2408788795e-01	-8.4605523163e-03
	4.2416970254e-01	-9.3358993282e-03
	4.2425319684e-01	-1.0205709313e-02
	4.2433832964e-01	-1.1068415014e-02
	4.2442508874e-01	-1.1922466022e-02
	4.2451345271e-01	-1.2766279602e-02
	4.2460333841e-01	-1.3598576930e-02
	4.2469571240e-01	-1.4417031438e-02
	4.2478919851e-01	-1.5220634529e-02
	4.2488492214e-01	-1.6007656610e-02
	4.2498211850e-01	-1.6776527595e-02
	4.2508094668e-01	-1.7525631631e-02
	4.2518134139e-01	-1.8253454081e-02
	4.2528344243e-01	-1.8958473696e-02
	4.2538734366e-01	-1.9639189139e-02
	4.2549307052e-01	-2.0294137570e-02
	4.2560050923e-01	-2.0921847954e-02
	4.2570950324e-01	-2.1520851745e-02
	4.2581979039e-01	-2.2089679573e-02
	4.2593134805e-01	-2.2626919381e-02
	4.2604426852e-01	-2.3131275941e-02
	4.2615904316e-01	-2.3601967311e-02
	4.2627457322e-01	-2.4036769444e-02
	4.2639141960e-01	-2.4434643001e-02
	4.2651001486e-01	-2.4795369165e-02
	4.2662910293e-01	-2.5117126687e-02
	4.2674881423e-01	-2.5399072731e-02
	4.2686890262e-01	-2.5639455834e-02
	4.2699062222e-01	-2.5838279121e-02
	4.2711200803e-01	-2.5993944874e-02
	4.2723523116e-01	-2.6106749849e-02
	4.2735829505e-01	-2.6175137385e-02
	4.2748165059e-01	-2.6198141882e-02
	4.2760481718e-01	-2.6175400220e-02
	4.2772857893e-01	-2.6106788170e-02
	4.2785232906e-01	-2.5991715669e-02
	4.2797618371e-01	-2.5830287003e-02
	4.2810060163e-01	-2.5621603201e-02
	4.2822351925e-01	-2.5364644987e-02
	4.2834690350e-01	-2.5060699923e-02
	4.2846969480e-01	-2.4709123634e-02
	4.2859247075e-01	-2.4310302966e-02
	4.2871458132e-01	-2.3864043784e-02
	4.2883623417e-01	-2.3370705433e-02
	4.2895742176e-01	-2.2830569741e-02
	4.2907807561e-01	-2.2243996993e-02
	4.2919815814e-01	-2.1611505127e-02
	4.2931766345e-01	-2.0933719079e-02
	4.2943655418e-01	-2.0211300412e-02
	4.2955487992e-01	-1.9444991535e-02
	4.2967268467e-01	-1.8635640991e-02
	4.2978997020e-01	-1.7784169091e-02
	4.2990674964e-01	-1.6891630666e-02
	4.3002268574e-01	-1.5959625531e-02
	4.3013922559e-01	-1.4988674951e-02
	4.3025413805e-01	-1.3979748569e-02
	4.3037010584e-01	-1.2935372117e-02
	4.3048466395e-01	-1.1855811298e-02
	4.3059970783e-01	-1.0744002130e-02
	4.3071489146e-01	-9.6001742528e-03
	4.3082998035e-01	-8.4268327560e-03
	4.3094533187e-01	-7.2255393403e-03
	4.3106104840e-01	-5.9982145410e-03
	4.3117723054e-01	-4.7468052232e-03
	4.3129334973e-01	-3.4720110416e-03
	4.3141095475e-01	-2.1799136775e-03
	4.3152925126e-01	-8.6739580692e-04
	4.3164823390e-01	4.5830922285e-04
	4.3176873959e-01	1.7996352320e-03
	4.3188931994e-01	3.1507824327e-03
	4.3201256368e-01	4.5107640943e-03
	4.3213670626e-01	5.8767395853e-03
	4.3226255889e-01	7.2465744789e-03
	4.3239012883e-01	8.6175764236e-03
	4.3251952764e-01	9.9872169306e-03
	4.3265085340e-01	1.1352912297e-02
	4.3278415164e-01	1.2712058640e-02
	4.3291953173e-01	1.4062012619e-02
	4.3305771147e-01	1.5399676316e-02
	4.3319736344e-01	1.6723457481e-02
	4.3333947250e-01	1.8029698211e-02
	4.3348409945e-01	1.9316152251e-02
	4.3363067304e-01	2.0580107085e-02
	4.3378051132e-01	2.1818263969e-02
	4.3393178418e-01	2.3029031290e-02
	4.3408583806e-01	2.4209142961e-02
	4.3424198862e-01	2.5356070256e-02
	4.3440045644e-01	2.6467234212e-02
	4.3456111495e-01	2.7540058402e-02
	4.3472389726e-01	2.8572037531e-02
	4.3488870655e-01	2.9560689503e-02
	4.3505544789e-01	3.0503602464e-02
	4.3522401370e-01	3.1398429156e-02
	4.3539426418e-01	3.2242858441e-02
	4.3556604099e-01	3.3034687493e-02
	4.3573917889e-01	3.3771748030e-02
	4.3591351219e-01	3.4451999874e-02
	4.3608888396e-01	3.5073458274e-02
	4.3626509554e-01	3.5634244324e-02
	4.3644195553e-01	3.6132562471e-02
	4.3661923004e-01	3.6566756419e-02
	4.3679672548e-01	3.6935234645e-02
	4.3697422150e-01	3.7236537641e-02
	4.3715154899e-01	3.7469299608e-02
	4.3732848886e-01	3.7632321420e-02
	4.3750522212e-01	3.7724440575e-02
	4.3768104165e-01	3.7743304435e-02
	4.3785530174e-01	3.7692234865e-02
	4.3802896691e-01	3.7565093979e-02
	4.3820060553e-01	3.7366685862e-02
	4.3837120132e-01	3.7091298649e-02
	4.3853962074e-01	3.6743977206e-02
	4.3870677027e-01	3.6318864380e-02
	4.3887138055e-01	3.5820779471e-02
	4.3903389828e-01	3.5247678043e-02
	4.3919374608e-01	3.4600630961e-02
	4.3935136365e-01	3.3879644723e-02
	4.3950641144e-01	3.3085473590e-02
	4.3965880323e-01	3.2218877923e-02
	4.3980851467e-01	3.1280761660e-02
	4.3995551655e-01	3.0272187517e-02
	4.4009980163e-01	2.9194400574e-02
	4.4024137657e-01	2.8048768040e-02
	4.4038027345e-01	2.6836828410e-02
	4.4051652834e-01	2.5560257314e-02
	4.4065023621e-01	2.4220890652e-02
	4.4078150214e-01	2.2820695335e-02
	4.4091042660e-01	2.1361807521e-02
	4.4103716996e-01	1.9846509156e-02
	4.4116189769e-01	1.8277201251e-02
	4.4128476332e-01	1.6656442013e-02
	4.4140602167e-01	1.4986912945e-02
	4.4152582885e-01	1.3271442378e-02
	4.4164447509e-01	1.1512992724e-02
	4.4176220806e-01	9.7146259779e-03
	4.4187928134e-01	7.8795473317e-03
	4.4199594291e-01	6.0110792860e-03
	4.4211252390e-01	4.1126288375e-03
	4.4222928206e-01	2.1877309892e-03
	4.4234654791e-01	2.4001724568e-04
	4.4246457922e-01	-1.7267774121e-03
	4.4258371286e-01	-3.7088669354e-03
	4.4270422856e-01	-5.7023613232e-03
	4.4282638727e-01	-7.7032852827e-03
	4.4295027138e-01	-9.7065299894e-03
	4.4307682066e-01	-1.1710132950e-02
	4.4320558803e-01	-1.3709037592e-02
	4.4333728413e-01	-1.5698923530e-02
	4.4347176815e-01	-1.7675646095e-02
	4.4360931456e-01	-1.9634961802e-02
	4.4375014263e-01	-2.1572639952e-02
	4.4389448513e-01	-2.3484416777e-02
	4.4404254837e-01	-2.5366040950e-02
	4.4419443069e-01	-2.7213273865e-02
	4.4435014024e-01	-2.9021907852e-02
	4.4450962235e-01	-3.0787763706e-02
	4.4467286132e-01	-3.2506689911e-02
	4.4483993025e-01	-3.4174597668e-02
	4.4501097592e-01	-3.5787519378e-02
	4.4518527253e-01	-3.7341120259e-02
	4.4536505901e-01	-3.8832478360e-02
	4.4554689753e-01	-4.0257042237e-02
	4.4573261402e-01	-4.1611449383e-02
	4.4592088781e-01	-4.2891909357e-02
	4.4611222469e-01	-4.4095165254e-02
	4.4630632316e-01	-4.5217930064e-02
	4.4650302425e-01	-4.6257061160e-02
	4.4670194227e-01	-4.7209559486e-02
	4.4690261295e-01	-4.8072531280e-02
	4.4710460678e-01	-4.8843229169e-02
	4.4730747042e-01	-4.9519102306e-02
	4.4751082481e-01	-5.0097781881e-02
	4.4771500048e-01	-5.0578372684e-02
	4.4791761807e-01	-5.0956361054e-02
	4.4812069726e-01	-5.1231824332e-02
	4.4832267020e-01	-5.1402872709e-02
	4.4852319679e-01	-5.1468166859e-02
	4.4872185250e-01	-5.1426554301e-02
	4.4891860932e-01	-5.1276856007e-02
	4.4911152114e-01	-5.1018387729e-02
	4.4930237642e-01	-5.0651457522e-02
	4.4948967115e-01	-5.0175605858e-02
	4.4967329100e-01	-4.9590799883e-02
	4.4985285934e-01	-4.8897242969e-02
	4.5002810342e-01	-4.8095466526e-02
	4.5019876656e-01	-4.7186190361e-02
	4.5036461687e-01	-4.6170431480e-02
	4.5052543265e-01	-4.5049420852e-02
	4.5068108297e-01	-4.3824618321e-02
	4.5083153188e-01	-4.2497730048e-02
	4.5097547456e-01	-4.1071520601e-02
	4.5111629559e-01	-3.9545486609e-02
	4.5125119834e-01	-3.7924832681e-02
	4.5138042076e-01	-3.6211488977e-02
	4.5150486502e-01	-3.4407911277e-02
	4.5162426674e-01	-3.2517363337e-02
	4.5173901603e-01	-3.0543102643e-02
	4.5184928119e-01	-2.8488667709e-02
	4.5195539128e-01	-2.6357788439e-02
	4.5205771993e-01	-2.4154381032e-02
	4.5215668022e-01	-2.1882575034e-02
	4.5225265939e-01	-1.9546653957e-02
	4.5234505236e-01	-1.7152076979e-02
	4.5243759648e-01	-1.4700526775e-02
	4.5252609109e-01	-1.2201041014e-02
	4.5261460013e-01	-9.6545609845e-03
	4.5270282863e-01	-7.0689277064e-03
	4.5279088045e-01	-4.4481448886e-03
	4.5287953817e-01	-1.7979896467e-03
	4.5296923953e-01	8.7605961628e-04
	4.5306054911e-01	3.5683615491e-03
	4.5315405698e-01	6.2731801666e-03
	4.5325037653e-01	8.9847078667e-03
	4.5335003566e-01	1.1697064657e-02
	4.5345279602e-01	1.4405290456e-02
	4.5356040534e-01	1.7101275322e-02
	4.5367305015e-01	1.9780437121e-02
	4.5378989940e-01	2.2436016423e-02
	4.5391317708e-01	2.5062782753e-02
	4.5404136331e-01	2.7653942871e-02
	4.5417646662e-01	3.0203875804e-02
	4.5431708690e-01	3.2706558589e-02
	4.5446545050e-01	3.5155232939e-02
	4.5461895737e-01	3.7545360540e-02
	4.5477948549e-01	3.9870620469e-02
	4.5494626947e-01	4.2125183717e-02
	4.5511964107e-01	4.4303506002e-02
	4.5529938166e-01	4.6400078029e-02
	4.5548521580e-01	4.8409589932e-02
	4.5567676241e-01	5.0326882497e-02
	4.5587367846e-01	5.2146946729e-02
	4.5607567525e-01	5.3864961067e-02
	4.5628240929e-01	5.5476294467e-02
	4.5649339609e-01	5.6976511308e-02
	4.5670799815e-01	5.8361416183e-02
	4.5692553245e-01	5.9627058205e-02
	4.5714535014e-01	6.0769699063e-02
	4.5736686777e-01	6.1785901600e-02
	4.5758951489e-01	6.2672477553e-02
	4.5781259609e-01	6.3426512796e-02
	4.5803560488e-01	6.4046243726e-02
	4.5825712027e-01	6.4525109900e-02
	4.5847682887e-01	6.4868957593e-02
	4.5869356584e-01	6.5066902753e-02
	4.5890743626e-01	6.5126945529e-02
	4.5911721312e-01	6.5039042296e-02
	4.5932234881e-01	6.4808739381e-02
	4.5952179362e-01	6.4432993558e-02
	4.5971476662e-01	6.3912479167e-02
	4.5990125899e-01	6.3247045875e-02
	4.6008064449e-01	6.2437461212e-02
	4.6025230555e-01	6.1484577752e-02
	4.6041571525e-01	6.0389544865e-02
	4.6057038140e-01	5.9153811276e-02
	4.6071596876e-01	5.7779211398e-02
	4.6085239941e-01	5.6268043622e-02
	4.6097959611e-01	5.4622881884e-02
	4.6109737422e-01	5.2846520684e-02
	4.6120558318e-01	5.0942026424e-02
	4.6130414553e-01	4.8912723868e-02
	4.6139326859e-01	4.6762347223e-02
	4.6147336049e-01	4.4495019469e-02
	4.6154479477e-01	4.2115126416e-02
	4.6160789293e-01	3.9627245525e-02
	4.6166291735e-01	3.7036137568e-02
	4.6171031099e-01	3.4346850050e-02
	4.6175075452e-01	3.1564791008e-02
	4.6178513238e-01	2.8695660197e-02
	4.6181427774e-01	2.5745372099e-02
	4.6183882247e-01	2.2719994328e-02
	4.6185939927e-01	1.9625743712e-02
	4.6187685465e-01	1.6469036858e-02
	4.6189213899e-01	1.3256603317e-02
	4.6190645204e-01	9.9953728460e-03
	4.6192079377e-01	6.6924039241e-03
	4.6193602046e-01	3.3548560227e-03
	4.6195284620e-01	-1.0011270187e-05
	4.6197216431e-01	-3.3948223597e-03
	4.6199497023e-01	-6.7920057225e-03
	4.6202242912e-01	-1.0193905398e-02
	4.6205547440e-01	-1.3592794304e-02
	4.6209485445e-01	-1.6980948195e-02
	4.6214106891e-01	-2.0350582362e-02
	4.6219473274e-01	-2.3693902935e-02
	4.6225654676e-01	-2.7003053305e-02
	4.6232735942e-01	-3.0270251102e-02
	4.6240780848e-01	-3.3487752825e-02
	4.6249823178e-01	-3.6647875678e-02
	4.6259867795e-01	-3.9742969122e-02
	4.6270916608e-01	-4.2765430821e-02
	4.6282955182e-01	-4.5706395782e-02
	4.6296101762e-01	-4.8561656811e-02
	4.6310305963e-01	-5.1322510683e-02
	4.6325582602e-01	-5.3981953488e-02
	4.6341846054e-01	-5.6533353892e-02
	4.6359035091e-01	-5.8969986643e-02
	4.6377092203e-01	-6.1285360936e-02
	4.6396010743e-01	-6.3473473133e-02
	4.6415785584e-01	-6.5528674777e-02
	4.6436361306e-01	-6.7445656178e-02
	4.6457618538e-01	-6.9219178779e-02
	4.6479398409e-01	-7.0844032762e-02
	4.6501570265e-01	-7.2315261494e-02
	4.6524081382e-01	-7.3628536571e-02
	4.6546915829e-01	-7.4780286227e-02
	4.6570014252e-01	-7.5767364507e-02
	4.6593225885e-01	-7.6586736979e-02
	4.6616369034e-01	-7.7235344229e-02
	4.6639265733e-01	-7.7710293292e-02
	4.6661813628e-01	-7.8009223833e-02
	4.6683980482e-01	-7.8130786296e-02
	4.6705811053e-01	-7.8074453788e-02
	4.6726960984e-01	-7.7839247372e-02
	4.6747384013e-01	-7.7425348639e-02
	4.6767168531e-01	-7.6832929953e-02
	4.6786008044e-01	-7.6061045700e-02
	4.6803647874e-01	-7.5110438167e-02
	4.6820374466e-01	-7.3985196572e-02
	4.6835988867e-01	-7.2684339869e-02
	4.6850584279e-01	-7.1210287049e-02
	4.6863955878e-01	-6.9567571825e-02
	4.6875963392e-01	-6.7758075343e-02
	4.6886657018e-01	-6.5786091255e-02
	4.6896059187e-01	-6.3652646536e-02
	4.6904295197e-01	-6.1363804784e-02
	4.6911328988e-01	-5.8922968151e-02
	4.6917007547e-01	-5.6338223399e-02
	4.6921487583e-01	-5.3610120773e-02
	4.6924805593e-01	-5.0748403348e-02
	4.6926933845e-01	-4.7756044891e-02
	4.6928251852e-01	-4.4639442542e-02
	4.6928509538e-01	-4.1406767448e-02
	4.6927875431e-01	-3.8064521117e-02
	4.6926425720e-01	-3.4619691071e-02
	4.6924428477e-01	-3.1078257779e-02
	4.6921878258e-01	-2.7448464104e-02
	4.6918878020e-01	-2.3739847032e-02
	4.6915590008e-01	-1.9958637669e-02
	4.6912131711e-01	-1.6114020644e-02
	4.6908653866e-01	-1.2214272451e-02
	4.6905281614e-01	-8.2681127900e-03
	4.6902037573e-01	-4.2859560410e-03
	4.6899374367e-01	-2.7128120783e-04
	4.6897028264e-01	3.7575796958e-03
	4.6895340939e-01	7.8007638238e-03
	4.6894496081e-01	1.1842821875e-02
	4.6894472630e-01	1.5876659603e-02
	4.6895435511e-01	1.9892394307e-02
	4.6897460032e-01	2.3880437301e-02
	4.6900643699e-01	2.7831363231e-02
	4.6905075375e-01	3.1735626977e-02
	4.6910830840e-01	3.5583791276e-02
	4.6917964001e-01	3.9366451581e-02
	4.6926512788e-01	4.3074340602e-02
	4.6936498066e-01	4.6698265942e-02
	4.6947935234e-01	5.0229210117e-02
	4.6960834894e-01	5.3658291648e-02
	4.6975196125e-01	5.6976845367e-02
	4.6990993627e-01	6.0176349852e-02
	4.7008181462e-01	6.3248627675e-02
	4.7026692710e-01	6.6185715101e-02
	4.7046453758e-01	6.8979994633e-02
	4.7067388291e-01	7.1624095694e-02
	4.7089416021e-01	7.4111038609e-02
	4.7112439408e-01	7.6434123874e-02
	4.7136337698e-01	7.8587043448e-02
	4.7160947613e-01	8.0566562272e-02
	4.7186159362e-01	8.2358017411e-02
	4.7211894788e-01	8.3970686900e-02
	4.7237864992e-01	8.5384357338e-02
	4.7264148138e-01	8.6610541159e-02
	4.7290355465e-01	8.7631967359e-02
	4.7316506421e-01	8.8453421161e-02
	4.7342279848e-01	8.9069460178e-02
	4.7367605506e-01	8.9478594050e-02
	4.7392342837e-01	8.9679084480e-02
	4.7416351720e-01	8.9669811331e-02
	4.7439465366e-01	8.9449989158e-02
	4.7461531999e-01	8.9019460494e-02
	4.7482416104e-01	8.8378467128e-02
	4.7502012244e-01	8.7527908215e-02
	4.7520229131e-01	8.6469292377e-02
	4.7536972696e-01	8.5204478404e-02
	4.7552140799e-01	8.3735768510e-02
	4.7565772946e-01	8.2068019040e-02
	4.7577390805e-01	8.0197629439e-02
	4.7587554724e-01	7.8138518030e-02
	4.7595641806e-01	7.5884139693e-02
	4.7602270386e-01	7.3450122936e-02
	4.7606975567e-01	7.0832512372e-02
	4.7609899929e-01	6.8041582194e-02
	4.7611041356e-01	6.5081599111e-02
	4.7610519238e-01	6.1959421346e-02
	4.7608433578e-01	5.8681923548e-02
	4.7604858765e-01	5.5256180182e-02
	4.7599866094e-01	5.1689493688e-02
	4.7593542611e-01	4.7989497414e-02
	4.7586028296e-01	4.4164302882e-02
	4.7577500798e-01	4.0222518973e-02
	4.7568125524e-01	3.6173005234e-02
	4.7558046723e-01	3.2024733842e-02
	4.7547278195e-01	2.7786574994e-02
	4.7536313783e-01	2.3469295921e-02
	4.7524942571e-01	1.9080377907e-02
	4.7513698648e-01	1.4631985123e-02
	4.7502596838e-01	1.0133359484e-02
	4.7491868635e-01	5.5950453354e-03
	4.7481630945e-01	1.0273727023e-03
	4.7472057517e-01	-3.5590632271e-03
	4.7463329083e-01	-8.1534892008e-03
	4.7455637840e-01	-1.2745030337e-02
	4.7449134889e-01	-1.7322769134e-02
	4.7443947650e-01	-2.1875835565e-02
	4.7440169068e-01	-2.6393300277e-02
	4.7437905613e-01	-3.0864288070e-02
	4.7437269138e-01	-3.5277860873e-02
	4.7438379815e-01	-3.9623237812e-02
	4.7441313247e-01	-4.3889728283e-02
	4.7446103410e-01	-4.8066789287e-02
	4.7452749992e-01	-5.2143956268e-02
	4.7461252307e-01	-5.6110914061e-02
	4.7471622219e-01	-5.9957596863e-02
	4.7483878608e-01	-6.3674341584e-02
	4.7497999402e-01	-6.7251764916e-02
	4.7513911779e-01	-7.0680719547e-02
	4.7531498631e-01	-7.3952210204e-02
	4.7550641154e-01	-7.7057532955e-02
	4.7571243676e-01	-7.9988480354e-02
	4.7593230146e-01	-8.2737515322e-02
	4.7616499497e-01	-8.5297601361e-02
	4.7640888583e-01	-8.7661966387e-02
	4.7666153714e-01	-8.9823195689e-02
	4.7692206850e-01	-9.1778154122e-02
	4.7718728155e-01	-9.3516844970e-02
	4.7745752460e-01	-9.5038908805e-02
	4.7772924677e-01	-9.6336790625e-02
	4.7800199033e-01	-9.7408751974e-02
	4.7827264772e-01	-9.8251090362e-02
	4.7853921652e-01	-9.8860833063e-02
	4.7879977088e-01	-9.9235822405e-02
	4.7905294846e-01	-9.9374775915e-02
	4.7929724488e-01	-9.9277068839e-02
	4.7953039311e-01	-9.8943429838e-02
	4.7975138773e-01	-9.8371105957e-02
	4.7995778285e-01	-9.7563495321e-02
	4.8014811092e-01	-9.6521476118e-02
	4.8032142052e-01	-9.5248098207e-02
	4.8047669179e-01	-9.3743385678e-02
	4.8061381076e-01	-9.2012110251e-02
	4.8073120418e-01	-9.0057891925e-02
	4.8082814745e-01	-8.7884700284e-02
	4.8090450441e-01	-8.5497278323e-02
	4.8096020862e-01	-8.2901793308e-02
	4.8099516746e-01	-8.0100592630e-02
	4.8101009009e-01	-7.7104149826e-02
	4.8100438438e-01	-7.3917159150e-02
	4.8097950184e-01	-7.0546400541e-02
	4.8093603324e-01	-6.6999637187e-02
	4.8087500913e-01	-6.3284809179e-02
	4.8079764519e-01	-5.9410172825e-02
	4.8070526036e-01	-5.5384432865e-02
	4.8059942106e-01	-5.1216637679e-02
	4.8048181785e-01	-4.6916165882e-02
	4.8035423311e-01	-4.2492717135e-02
	4.8021853098e-01	-3.7956315011e-02
	4.8007668463e-01	-3.3317294255e-02
	4.7993077576e-01	-2.8586274606e-02
	4.7978293343e-01	-2.3774113907e-02
	4.7963578053e-01	-1.8891799977e-02
	4.7949078214e-01	-1.3950228491e-02
	4.7935004673e-01	-8.9626008902e-03
	4.7921582587e-01	-3.9387466493e-03
	4.7909015693e-01	1.1087095909e-03
	4.7897408205e-01	6.1662291360e-03
	4.7887234209e-01	1.1228442312e-02
	4.7878359134e-01	1.6271719823e-02
	4.7871057854e-01	2.1295657071e-02
	4.7865602589e-01	2.6280811068e-02
	4.7861955770e-01	3.1217269440e-02
	4.7860304319e-01	3.6092799783e-02
	4.7860721682e-01	4.0895125043e-02
	4.7863298858e-01	4.5612325137e-02
	4.7868094734e-01	5.0232562880e-02
	4.7875141053e-01	5.4744196808e-02
	4.7884437895e-01	5.9135725556e-02
	4.7895967697e-01	6.3395969499e-02
	4.7909699006e-01	6.7513986810e-02
	4.7925582593e-01	7.1479150580e-02
	4.7943549416e-01	7.5281161309e-02
	4.7963503020e-01	7.8910115223e-02
	4.7985314728e-01	8.2356461518e-02
	4.8008837578e-01	8.5611210724e-02
	4.8033901876e-01	8.8668806729e-02
	4.8060312378e-01	9.1510536624e-02
	4.8088039969e-01	9.4145329561e-02
	4.8116650242e-01	9.6548407686e-02
	4.8146213679e-01	9.8731166326e-02
	4.8176202570e-01	1.0067231378e-01
	4.8206638576e-01	1.0237479650e-01
	4.8237122253e-01	1.0383147259e-01
	4.8267534590e-01	1.0503935472e-01
	4.8297599161e-01	1.0599470127e-01
	4.8327087357e-01	1.0669485506e-01
	4.8355750643e-01	1.0713763050e-01
	4.8383367449e-01	1.0732158425e-01
	4.8409737572e-01	1.0724605663e-01
	4.8434673267e-01	1.0691106252e-01
	4.8457982688e-01	1.0631714808e-01
	4.8479612766e-01	1.0546797120e-01
	4.8499134023e-01	1.0435905633e-01
	4.8516512734e-01	1.0299801782e-01
	4.8531624732e-01	1.0138616614e-01
	4.8544416131e-01	9.9527848649e-02
	4.8554795449e-01	9.7427189700e-02
	4.8562682166e-01	9.5088924790e-02
	4.8568021754e-01	9.2518323526e-02
	4.8570805188e-01	8.9721283413e-02
	4.8571070713e-01	8.6704390611e-02
	4.8568865204e-01	8.3474691824e-02
	4.8564240620e-01	8.0039594960e-02
	4.8557256554e-01	7.6406893487e-02
	4.8548007427e-01	7.2584830182e-02
	4.8536635928e-01	6.8582214669e-02
	4.8523315161e-01	6.4408366124e-02
	4.8508217361e-01	6.0072920550e-02
	4.8491513411e-01	5.5585794083e-02
	4.8473382041e-01	5.0957220334e-02
	4.8454038989e-01	4.6197797287e-02
	4.8433732722e-01	4.1318576628e-02
	4.8412715245e-01	3.6330956295e-02
	4.8391230940e-01	3.1246514697e-02
	4.8369514816e-01	2.6077042586e-02
	4.8347806277e-01	2.0834546291e-02
	4.8326361121e-01	1.5531313998e-02
	4.8305446061e-01	1.0179892654e-02
	4.8285322568e-01	4.7929811623e-03
	4.8266223141e-01	-6.1660043259e-04
	4.8248364210e-01	-6.0359778084e-03
	4.8231946668e-01	-1.1452152544e-02
	4.8217069344e-01	-1.6851777775e-02
	4.8204262181e-01	-2.2222298002e-02
	4.8193283629e-01	-2.7550060689e-02
	4.8184612464e-01	-3.2822213507e-02
	4.8178188831e-01	-3.8025848083e-02
	4.8174170481e-01	-4.3147846039e-02
	4.8172617600e-01	-4.8175451745e-02
	4.8173605368e-01	-5.3095983361e-02
	4.8177185176e-01	-5.7897077263e-02
	4.8183359222e-01	-6.2566533283e-02
	4.8192094857e-01	-6.7092431134e-02
	4.8203339214e-01	-7.1463137875e-02
	4.8217023557e-01	-7.5667346757e-02
	4.8233075521e-01	-7.9694238257e-02
	4.8251396817e-01	-8.3533475441e-02
	4.8271851263e-01	-8.7175150192e-02
	4.8294256354e-01	-9.0609711797e-02
	4.8318415172e-01	-9.3828087380e-02
	4.8344134327e-01	-9.6821760841e-02
	4.8371229617e-01	-9.9582947104e-02
	4.8399503705e-01	-1.0210454546e-01
	4.8428721234e-01	-1.0437999439e-01
	4.8458612980e-01	-1.0640319560e-01
	4.8488895598e-01	-1.0816857361e-01
	4.8519314068e-01	-1.0967133234e-01
	4.8549632875e-01	-1.1090753307e-01
	4.8579621850e-01	-1.1187407358e-01
	4.8609027923e-01	-1.1256847386e-01
	4.8637578825e-01	-1.1298877352e-01
	4.8665002006e-01	-1.1313356611e-01
	4.8691060520e-01	-1.1300220493e-01
	4.8715495960e-01	-1.1259625131e-01
	4.8738285858e-01	-1.1191280849e-01
	4.8759091694e-01	-1.1095895482e-01
	4.8777759067e-01	-1.0973271780e-01
	4.8794170510e-01	-1.0823846541e-01
	4.8808170350e-01	-1.0647968857e-01
	4.8819663657e-01	-1.0446066249e-01
	4.8828591770e-01	-1.0218627675e-01
	4.8834890788e-01	-9.9662017830e-02
	4.8838511736e-01	-9.6893787627e-02
	4.8839448418e-01	-9.3888074596e-02
	4.8837726304e-01	-9.0651985311e-02
	4.8833406859e-01	-8.7193179975e-02
	4.8826569040e-01	-8.3520710627e-02
	4.8817295904e-01	-7.9639684237e-02
	4.8805785128e-01	-7.5563549580e-02
	4.8792066599e-01	-7.1300086061e-02
	4.8776405267e-01	-6.6859502561e-02
	4.8758936213e-01	-6.2249296460e-02
	4.8739948186e-01	-5.7484207369e-02
	4.8719565008e-01	-5.2573989286e-02
	4.8698114593e-01	-4.7529240942e-02
	4.8675802121e-01	-4.2362211868e-02
	4.8652903932e-01	-3.7084918876e-02
	4.8629682460e-01	-3.1709682387e-02
	4.8606411539e-01	-2.6249197562e-02
	4.8583372128e-01	-2.0716328882e-02
	4.8560839166e-01	-1.5124137453e-02
	4.8539112392e-01	-9.4859864346e-03
	4.8518404510e-01	-3.8142087562e-03
	4.8498953375e-01	1.8751908930e-03
	4.8481017199e-01	7.5705629083e-03
	4.8464828885e-01	1.3257364044e-02
	4.8450512843e-01	1.8919995766e-02
	4.8438486017e-01	2.4551713494e-02
	4.8428682595e-01	3.0126536143e-02
	4.8421304974e-01	3.5642588303e-02
	4.8416611359e-01	4.1079309061e-02
	4.8414548744e-01	4.6424669063e-02
	4.8415258265e-01	5.1665443387e-02
	4.8418755216e-01	5.6788064596e-02
	4.8425060421e-01	6.1779510822e-02
	4.8434164015e-01	6.6626986425e-02
	4.8446030668e-01	7.1318007615e-02
	4.8460590597e-01	7.5840410548e-02
	4.8477744152e-01	8.0182443109e-02
	4.8497371343e-01	8.4332835771e-02
	4.8519321706e-01	8.8280728093e-02
	4.8543428712e-01	9.2015819323e-02
	4.8569506868e-01	9.5531456458e-02
	4.8597273829e-01	9.8807529962e-02
	4.8626699134e-01	1.0185254326e-01
	4.8657246304e-01	1.0464315892e-01
	4.8688914219e-01	1.0717952510e-01
	4.8721289206e-01	1.0945311002e-01
	4.8754161514e-01	1.1145873669e-01
	4.8787216125e-01	1.1319088775e-01
	4.8820178467e-01	1.1464516314e-01
	4.8852748897e-01	1.1581774230e-01
	4.8884649811e-01	1.1670567420e-01
	4.8915600277e-01	1.1730673131e-01
	4.8945332540e-01	1.1761947012e-01
	4.8973595073e-01	1.1764318489e-01
	4.9000261672e-01	1.1738056407e-01
	4.9024857072e-01	1.1682566267e-01
	4.9047279712e-01	1.1598545163e-01
	4.9067325025e-01	1.1486030923e-01
	4.9084854165e-01	1.1345364819e-01
	4.9099711150e-01	1.1176891417e-01
	4.9111768763e-01	1.0981033607e-01
	4.9120921446e-01	1.0758276875e-01
	4.9127102988e-01	1.0509172716e-01
	4.9130282977e-01	1.0234339632e-01
	4.9130453140e-01	9.9344554882e-02
	4.9127625827e-01	9.6102469767e-02
	4.9121841577e-01	9.2624939206e-02
	4.9113170398e-01	8.8920284255e-02
	4.9101720164e-01	8.4997373537e-02
	4.9087628768e-01	8.0865585644e-02
	4.9071056841e-01	7.6534744308e-02
	4.9052176020e-01	7.2015062096e-02
	4.9031181905e-01	6.7317149577e-02
	4.9008302164e-01	6.2452045665e-02
	4.8983781232e-01	5.7431220572e-02
	4.8957885690e-01	5.2266485860e-02
	4.8930887413e-01	4.6970000436e-02
	4.8903062847e-01	4.1554200529e-02
	4.8874698407e-01	3.6031815513e-02
	4.8846094047e-01	3.0415877208e-02
	4.8817555011e-01	2.4719702561e-02
	4.8789382531e-01	1.8956838329e-02
	4.8761874221e-01	1.3141006588e-02
	4.8735311125e-01	7.2861088735e-03
	4.8709974511e-01	1.4061764674e-03
	4.8686128784e-01	-4.4845872288e-03
	4.8664033002e-01	-1.0371898378e-02
	4.8643925012e-01	-1.6241407759e-02
	4.8626017765e-01	-2.2078735171e-02
	4.8610500250e-01	-2.7869513489e-02
	4.8597436453e-01	-3.3599007039e-02
	4.8587263337e-01	-3.9254015839e-02
	4.8579751055e-01	-4.4819195854e-02
	4.8575256602e-01	-5.0281281536e-02
	4.8573709209e-01	-5.5626399736e-02
	4.8575178006e-01	-6.0840748454e-02
	4.8579646263e-01	-6.5911134113e-02
	4.8587093401e-01	-7.0824521340e-02
	4.8597466467e-01	-7.5568275026e-02
	4.8610687905e-01	-8.0130223262e-02
	4.8626640851e-01	-8.4498577090e-02
	4.8645179283e-01	-8.8662021594e-02
	4.8666131438e-01	-9.2609736097e-02
	4.8689302123e-01	-9.6331431243e-02
	4.8714491507e-01	-9.9817505615e-02
	4.8741477130e-01	-1.0305895163e-01
	4.8770014064e-01	-1.0604741706e-01
	4.8799830759e-01	-1.0877513482e-01
	4.8830644647e-01	-1.1123498899e-01
	4.8862168239e-01	-1.1342059576e-01
	4.8894116835e-01	-1.1532637476e-01
	4.8926072756e-01	-1.1694756089e-01
	4.8958171597e-01	-1.1828003695e-01
	4.8989443759e-01	-1.1932089794e-01
	4.9020267466e-01	-1.2006595072e-01
	4.9049769547e-01	-1.2051628118e-01
	4.9078106729e-01	-1.2066801728e-01
	4.9104850621e-01	-1.2052232843e-01
	4.9129767245e-01	-1.2007951828e-01
	4.9152621240e-01	-1.1934086151e-01
	4.9173209214e-01	-1.1830836752e-01
	4.9191351023e-01	-1.1698486381e-01
	4.9206889050e-01	-1.1537389530e-01
	4.9219677507e-01	-1.1347961510e-01
	4.9229599237e-01	-1.1130683759e-01
	4.9236573101e-01	-1.0886104070e-01
	4.9240554390e-01	-1.0614839084e-01
	4.9241522959e-01	-1.0317566928e-01
	4.9239490143e-01	-9.9950226755e-02
	4.9234483585e-01	-9.6479922772e-02
	4.9226572024e-01	-9.2773159378e-02
	4.9215852300e-01	-8.8838897556e-02
	4.9202451393e-01	-8.4686555413e-02
	4.9186527570e-01	-8.0326080251e-02
	4.9168254776e-01	-7.5767823643e-02
	4.9147837260e-01	-7.1022574941e-02
	4.9125496275e-01	-6.6101551140e-02
	4.9101477611e-01	-6.1016362906e-02
	4.9076044448e-01	-5.5778995849e-02
	4.9049473700e-01	-5.0401804691e-02
	4.9022053750e-01	-4.4897452421e-02
	4.8994081976e-01	-3.9278920606e-02
	4.8965860477e-01	-3.3559497020e-02
	4.8937697164e-01	-2.7752729062e-02
	4.8909900202e-01	-2.1872426777e-02
	4.8882811004e-01	-1.5932643069e-02
	4.8856675307e-01	-9.9467801587e-03
	4.8831758906e-01	-3.9322113712e-03
	4.8808414275e-01	2.1017457733e-03
	4.8786844667e-01	8.1352419349e-03
	4.8767311355e-01	1.4156560098e-02
	4.8750040151e-01	2.0150053310e-02
	4.8735161854e-01	2.6099103532e-02
	4.8722967836e-01	3.1994396228e-02
	4.8713628581e-01	3.7815891927e-02
	4.8707184589e-01	4.3550938455e-02
	4.8703770470e-01	4.9185035024e-02
	4.8703430981e-01	5.4703699451e-02
	4.8706204717e-01	6.0092920267e-02
	4.8712099391e-01	6.5338899874e-02
	4.8721091354e-01	7.0428087185e-02
	4.8733130262e-01	7.5347349696e-02
	4.8748118967e-01	8.0083866087e-02
	4.8765931821e-01	8.4625392405e-02
	4.8786418468e-01	8.8960066007e-02
	4.8809407237e-01	9.3076595560e-02
	4.8834721479e-01	9.6967396556e-02
	4.8862061794e-01	1.0061499967e-01
	4.8891308053e-01	1.0401521741e-01
	4.8922100062e-01	1.0715779230e-01
	4.8954196122e-01	1.1003495534e-01
	4.8987299438e-01	1.1263914004e-01
	4.9021121981e-01	1.1496374809e-01
	4.9055344698e-01	1.1700285407e-01
	4.9089650919e-01	1.1875130625e-01
	4.9123718956e-01	1.2020467134e-01
	4.9157232342e-01	1.2135941471e-01
	4.9189889549e-01	1.2221283733e-01
	4.9221393362e-01	1.2276304332e-01
	4.9251575461e-01	1.2301152155e-01
	4.9279920717e-01	1.2295145890e-01
	4.9306268884e-01	1.2258855788e-01
	4.9330360359e-01	1.2192223102e-01
	4.9352006899e-01	1.2095503479e-01
	4.9371015834e-01	1.1968961092e-01
	4.9387203223e-01	1.1812943379e-01
	4.9400408401e-01	1.1627860119e-01
	4.9410506745e-01	1.1414193451e-01
	4.9417418655e-01	1.1172503287e-01
	4.9421100078e-01	1.0903418125e-01
	4.9421523229e-01	1.0607624541e-01
	4.9418677591e-01	1.0285860141e-01
	4.9412590709e-01	9.9389166754e-02
	4.9403329095e-01	9.5676469030e-02
	4.9391002176e-01	9.1729660073e-02
	4.9375747246e-01	8.7558394349e-02
	4.9357717951e-01	8.3172766304e-02
	4.9337083563e-01	7.8583231459e-02
	4.9314047947e-01	7.3800732554e-02
	4.9288848220e-01	6.8836662526e-02
	4.9261750129e-01	6.3702892053e-02
	4.9233032442e-01	5.8411639340e-02
	4.9202976902e-01	5.2975432967e-02
	4.9171870226e-01	4.7407121515e-02
	4.9140027105e-01	4.1719850535e-02
	4.9107774778e-01	3.5927164590e-02
	4.9075440808e-01	3.0042879978e-02
	4.9043353835e-01	2.4081035298e-02
	4.9011828417e-01	1.8055865309e-02
	4.8981172420e-01	1.1981792857e-02
	4.8951694119e-01	5.8734266049e-03
	4.8923694534e-01	-2.5443821307e-04
	4.8897463599e-01	-6.3869119787e-03
	4.8873264143e-01	-1.2509030267e-02
	4.8851327440e-01	-1.8605781130e-02
	4.8831867187e-01	-2.4662165664e-02
	4.8815080760e-01	-3.0663181642e-02
	4.8801142383e-01	-3.6593859815e-02
	4.8790194868e-01	-4.2439339027e-02
	4.8782257337e-01	-4.8184505953e-02
	4.8777647478e-01	-5.3816000596e-02
	4.8776138935e-01	-5.9318223791e-02
	4.8777926721e-01	-6.4677857924e-02
	4.8782921008e-01	-6.9881134634e-02
	4.8791109681e-01	-7.4914470046e-02
	4.8802399993e-01	-7.9765029531e-02
	4.8816680038e-01	-8.4420261838e-02
	4.8833801775e-01	-8.8868081422e-02
	4.8853596431e-01	-9.3096951944e-02
	4.8875874995e-01	-9.7095922410e-02
	4.8900433229e-01	-1.0085473240e-01
	4.8927034389e-01	-1.0436371188e-01
	4.8955409572e-01	-1.0761379716e-01
	4.8985274729e-01	-1.1059655614e-01
	4.9016209687e-01	-1.1330367790e-01
	4.9048394242e-01	-1.1573025279e-01
	4.9080746748e-01	-1.1786753317e-01
	4.9113664236e-01	-1.1971217738e-01
	4.9146502327e-01	-1.2125897747e-01
	4.9178955281e-01	-1.2250403064e-01
	4.9210735211e-01	-1.2344437944e-01
	4.9241541229e-01	-1.2407784794e-01
	4.9271076899e-01	-1.2440313583e-01
	4.9299057852e-01	-1.2441974071e-01
	4.9325208085e-01	-1.2412793932e-01
	4.9349269664e-01	-1.2352874321e-01
	4.9371014761e-01	-1.2262399578e-01
	4.9390244074e-01	-1.2141636474e-01
	4.9406780442e-01	-1.1990928327e-01
	4.9420465071e-01	-1.1810688541e-01
	4.9431159034e-01	-1.1601391797e-01
	4.9438763108e-01	-1.1363584434e-01
	4.9443216599e-01	-1.1097884803e-01
	4.9444487196e-01	-1.0804973550e-01
	4.9442575345e-01	-1.0485594949e-01
	4.9437502193e-01	-1.0140546552e-01
	4.9429323494e-01	-9.7706777033e-02
	4.9418133088e-01	-9.3768983407e-02
	4.9404054485e-01	-8.9602635366e-02
	4.9387216225e-01	-8.5214304599e-02
	4.9367886331e-01	-8.0619851614e-02
	4.9346118457e-01	-7.5825313610e-02
	4.9322328980e-01	-7.0846550617e-02
	4.9296567556e-01	-6.5691191031e-02
	4.9269299919e-01	-6.0374619937e-02
	4.9240650720e-01	-5.4908790627e-02
	4.9211024379e-01	-4.9305647624e-02
	4.9180681973e-01	-4.3579010423e-02
	4.9149957103e-01	-3.7742515652e-02
	4.9119173191e-01	-3.1809972834e-02
	4.9088654945e-01	-2.5795569139e-02
	4.9058727402e-01	-1.9713670418e-02
	4.9029741372e-01	-1.3578942171e-02
	4.9001956055e-01	-7.4050906579e-03
	4.8975640385e-01	-1.2104029085e-03
	4.8951154245e-01	4.9955474178e-03
	4.8928704859e-01	1.1192339765e-02
	4.8908556118e-01	1.7367740852e-02
	4.8890929206e-01	2.3505638801e-02
	4.8875950391e-01	2.9589010257e-02
	4.8863893341e-01	3.5608078492e-02
	4.8854918666e-01	4.1542482138e-02
	4.8849060351e-01	4.7379123310e-02
	4.8846440676e-01	5.3103206498e-02
	4.8847084239e-01	5.8699947748e-02
	4.8851007705e-01	6.4155076101e-02
	4.8858193354e-01	6.9454564946e-02
	4.8868596780e-01	7.4584707998e-02
	4.8882138658e-01	7.9532176420e-02
	4.8898703387e-01	8.4284126365e-02
	4.8918143529e-01	8.8828193583e-02
	4.8940279847e-01	9.3152517598e-02
	4.8964928548e-01	9.7249037322e-02
	4.8991775598e-01	1.0109969778e-01
	4.9020711438e-01	1.0469978210e-01
	4.9051384387e-01	1.0803871878e-01
	4.9083538296e-01	1.1110817703e-01
	4.9116855198e-01	1.1390011746e-01
	4.9151025599e-01	1.1640737088e-01
	4.9185727085e-01	1.1862364688e-01
	4.9220637701e-01	1.2054340868e-01
	4.9255428975e-01	1.2216199038e-01
	4.9289767421e-01	1.2347544103e-01
	4.9323315906e-01	1.2448065865e-01
	4.9355880162e-01	1.2517792284e-01
	4.9386776220e-01	1.2555719276e-01
	4.9416302251e-01	1.2563181114e-01
	4.9443637623e-01	1.2538858548e-01
	4.9468789544e-01	1.2483613822e-01
	4.9491428438e-01	1.2397398001e-01
	4.9511376632e-01	1.2280519864e-01
	4.9528441739e-01	1.2133305091e-01
	4.9542466677e-01	1.1956168991e-01
	4.9553317515e-01	1.1749593387e-01
	4.9560882571e-01	1.1514124948e-01
	4.9565089933e-01	1.1250379131e-01
	4.9565901897e-01	1.0959038959e-01
	4.9563320268e-01	1.0640851469e-01
	4.9557371993e-01	1.0296623980e-01
	4.9548113427e-01	9.9272163697e-02
	4.9535631905e-01	9.5335407382e-02
	4.9520045987e-01	9.1165625682e-02
	4.9501516853e-01	8.6773007489e-02
	4.9480234518e-01	8.2168242950e-02
	4.9456405558e-01	7.7362449832e-02
	4.9430260853e-01	7.2367145572e-02
	4.9402053148e-01	6.7194247940e-02
	4.9372062897e-01	6.1856098326e-02
	4.9340586689e-01	5.6365441410e-02
	4.9307939092e-01	5.0735351019e-02
	4.9274441037e-01	4.4979223816e-02
	4.9240418511e-01	3.9110749119e-02
	4.9206199654e-01	3.3143922976e-02
	4.9172125027e-01	2.7092961180e-02
	4.9138535651e-01	2.0972391025e-02
	4.9105760904e-01	1.4796933272e-02
	4.9074123801e-01	8.5814460409e-03
	4.9043927804e-01	2.3409756029e-03
	4.9015469645e-01	-3.9093436931e-03
	4.8989028402e-01	-1.0154240499e-02
	4.8964866470e-01	-1.6378390888e-02
	4.8943216740e-01	-2.2566442362e-02
	4.8924285636e-01	-2.8703071388e-02
	4.8908253638e-01	-3.4773014577e-02
	4.8895271132e-01	-4.0761059159e-02
	4.8885464789e-01	-4.6652134125e-02
	4.8878839165e-01	-5.2430903921e-02
	4.8875682372e-01	-5.8083895785e-02
	4.8875782562e-01	-6.3595407777e-02
	4.8879273338e-01	-6.8952017294e-02
	4.8886050663e-01	-7.4139931341e-02
	4.8896071386e-01	-7.9145555982e-02
	4.8909218267e-01	-8.3956073724e-02
	4.8925359348e-01	-8.8559045380e-02
	4.8944329486e-01	-9.2942572074e-02
	4.8965929050e-01	-9.7095289596e-02
	4.8989937605e-01	-1.0100644176e-01
	4.9016114078e-01	-1.0466594874e-01
	4.9044088864e-01	-1.0806369416e-01
	4.9074030182e-01	-1.1119338712e-01
	4.9104870900e-01	-1.1404345276e-01
	4.9137028008e-01	-1.1660953717e-01
	4.9169834391e-01	-1.1888412496e-01
	4.9203001933e-01	-1.2086152233e-01
	4.9236237341e-01	-1.2253697478e-01
	4.9269203332e-01	-1.2390638759e-01
	4.9301571574e-01	-1.2496652198e-01
	4.9333016601e-01	-1.2571492651e-01
	4.9363230281e-01	-1.2614998944e-01
	4.9391914883e-01	-1.2627095618e-01
	4.9418797058e-01	-1.2607797407e-01
	4.9443615745e-01	-1.2557199060e-01
	4.9466125170e-01	-1.2475472341e-01
	4.9486096987e-01	-1.2362863349e-01
	4.9503332732e-01	-1.2219692948e-01
	4.9517669447e-01	-1.2046361782e-01
	4.9528978361e-01	-1.1843350424e-01
	4.9537150486e-01	-1.1611205006e-01
	4.9542106373e-01	-1.1350537563e-01
	4.9543792847e-01	-1.1062020306e-01
	4.9542198093e-01	-1.0746390512e-01
	4.9537345497e-01	-1.0404447758e-01
	4.9529284909e-01	-1.0037139826e-01
	4.9518110912e-01	-9.6450423239e-02
	4.9503969239e-01	-9.2296362941e-02
	4.9486916157e-01	-8.7914259568e-02
	4.9467273526e-01	-8.3319515686e-02
	4.9445069677e-01	-7.8518416196e-02
	4.9420725061e-01	-7.3527119127e-02
	4.9394290480e-01	-6.8353186788e-02
	4.9366244454e-01	-6.3012987619e-02
	4.9336672593e-01	-5.7515546379e-02
	4.9306078529e-01	-5.1876557926e-02
	4.9274622898e-01	-4.6109124392e-02
	4.9242725955e-01	-4.0225748864e-02
	4.9210668778e-01	-3.4241066997e-02
	4.9178799872e-01	-2.8169370154e-02
	4.9147450597e-01	-2.2025127974e-02
	4.9116950925e-01	-1.5823174300e-02
	4.9087654990e-01	-9.5785495434e-03
	4.9059824292e-01	-3.3050722799e-03
	4.9033721507e-01	2.9783193807e-03
	4.9009692187e-01	9.2620465175e-03
	4.8987939737e-01	1.5525377285e-02
	4.8968717062e-01	2.1755683698e-02
	4.8952160010e-01	2.7934791918e-02
	4.8938651389e-01	3.4054732822e-02
	4.8928141214e-01	4.0087756212e-02
	4.8920777500e-01	4.6030742023e-02
	4.8916776498e-01	5.1862085599e-02
	4.8916071021e-01	5.7568122532e-02
	4.8918757769e-01	6.3134716182e-02
	4.8924793181e-01	6.8547230819e-02
	4.8934136903e-01	7.3791780331e-02
	4.8946706737e-01	7.8854748456e-02
	4.8962389028e-01	8.3722996797e-02
	4.8981048714e-01	8.8383881727e-02
	4.9002522926e-01	9.2825265407e-02
	4.9026634050e-01	9.7038589119e-02
	4.9053060228e-01	1.0100582625e-01
	4.9081671322e-01	1.0472175843e-01
	4.9112108470e-01	1.0817541882e-01
	4.9144128840e-01	1.1135826083e-01
	4.9177430438e-01	1.1426210490e-01
	4.9211698164e-01	1.1687953282e-01
	4.9246588753e-01	1.1920392267e-01
	4.9281759449e-01	1.2122935703e-01
	4.9316875515e-01	1.2295087073e-01
	4.9351612658e-01	1.2436438451e-01
	4.9385645041e-01	1.2546672627e-01
	4.9418638717e-01	1.2625540305e-01
	4.9450388309e-01	1.2673139166e-01
	4.9480355624e-01	1.2688742344e-01
	4.9508358854e-01	1.2672878458e-01
	4.9534126685e-01	1.2625474257e-01
	4.9557443925e-01	1.2546750925e-01
	4.9578077351e-01	1.2436939862e-01
	4.9595809088e-01	1.2296357443e-01
	4.9610457142e-01	1.2125393768e-01
	4.9621888389e-01	1.1924522354e-01
	4.9630008023e-01	1.1694300465e-01
	4.9634744293e-01	1.1435347230e-01
	4.9636037728e-01	1.1148335275e-01
	4.9633859724e-01	1.0833995890e-01
	4.9628224476e-01	1.0493122010e-01
	4.9619198520e-01	1.0126579710e-01
	4.9606887159e-01	9.7352947391e-02
	4.9591408798e-01	9.3202390935e-02
	4.9572897435e-01	8.8824243144e-02
	4.9551519166e-01	8.4229077511e-02
	4.9527483159e-01	7.9428017020e-02
	4.9501042041e-01	7.4432699865e-02
	4.9472464828e-01	6.9255190433e-02
	4.9442023033e-01	6.3907896850e-02
	4.9409997969e-01	5.8403501564e-02
	4.9376692990e-01	5.2755087391e-02
	4.9342440154e-01	4.6976118001e-02
	4.9307587448e-01	4.1080429769e-02
	4.9272481620e-01	3.5082142105e-02
	4.9237459276e-01	2.8995578211e-02
	4.9202847121e-01	2.2835281452e-02
	4.9168976459e-01	1.6616024936e-02
	4.9136186104e-01	1.0352803881e-02
	4.9104807012e-01	4.0608198116e-03
	4.9075142529e-01	-2.2445997649e-03
	4.9047477093e-01	-8.5481081137e-03
	4.9022067629e-01	-1.4834266427e-02
	4.8999152122e-01	-2.1087592734e-02
	4.8978955469e-01	-2.7292580712e-02
	4.8961674858e-01	-3.3433760619e-02
	4.8947479352e-01	-3.9495788040e-02
	4.8936485551e-01	-4.5463389971e-02
	4.8928702575e-01	-5.1321071126e-02
	4.8924429567e-01	-5.7055171784e-02
	4.8923453762e-01	-6.2649673282e-02
	4.8925935477e-01	-6.8091047599e-02
	4.8931783556e-01	-7.3365343301e-02
	4.8940948997e-01	-7.8458696298e-02
	4.8953308645e-01	-8.3358053807e-02
	4.8968727929e-01	-8.8050691377e-02
	4.8987050178e-01	-9.2524457784e-02
	4.9008095159e-01	-9.6767825830e-02
	4.9031646386e-01	-1.0076984924e-01
	4.9057356225e-01	-1.0451958173e-01
	4.9085370092e-01	-1.0800966631e-01
	4.9114669944e-01	-1.1122743451e-01
	4.9145807185e-01	-1.1416854997e-01
	4.9177633731e-01	-1.1682195094e-01
	4.9210559928e-01	-1.1918383011e-01
	4.9243894370e-01	-1.2124728059e-01
	4.9277310394e-01	-1.2300704171e-01
	4.9310500417e-01	-1.2445881770e-01
	4.9343151983e-01	-1.2559920362e-01
	4.9374965052e-01	-1.2642581677e-01
	4.9405622451e-01	-1.2693700867e-01
	4.9434789082e-01	-1.2713175589e-01
	4.9462157154e-01	-1.2700981423e-01
	4.9487458042e-01	-1.2657185276e-01
	4.9510467400e-01	-1.2581956157e-01
	4.9530979449e-01	-1.2475550291e-01
	4.9548784388e-01	-1.2338289495e-01
	4.9563682393e-01	-1.2170553333e-01
	4.9575513304e-01	-1.1972793760e-01
	4.9584167404e-01	-1.1745541922e-01
	4.9589579109e-01	-1.1489410378e-01
	4.9591708334e-01	-1.1205081335e-01
	4.9590510716e-01	-1.0893368848e-01
	4.9586042610e-01	-1.0554763014e-01
	4.9578294800e-01	-1.0190495266e-01
	4.9567350923e-01	-9.8014114489e-02
	4.9553351535e-01	-9.3880818829e-02
	4.9536490698e-01	-8.9520940734e-02
	4.9516809897e-01	-8.4939912196e-02
	4.9494677863e-01	-8.0153473882e-02
	4.9470129963e-01	-7.5168567772e-02
	4.9443623204e-01	-7.0001547249e-02
	4.9415227948e-01	-6.4660605383e-02
	4.9385441270e-01	-5.9162298490e-02
	4.9354358658e-01	-5.3516274357e-02
	4.9322494618e-01	-4.7738298741e-02
	4.9290026423e-01	-4.1842081372e-02
	4.9257383467e-01	-3.5840350766e-02
	4.9224853923e-01	-2.9748115903e-02
	4.9192788494e-01	-2.3579895659e-02
	4.9161549874e-01	-1.7350478757e-02
	4.9131420017e-01	-1.1074157445e-02
	4.9102683485e-01	-4.7691497346e-03
	4.9075729986e-01	1.5546313436e-03
	4.9050765002e-01	7.8763395351e-03
	4.9028071593e-01	1.4183680372e-02
	4.9007885703e-01	2.0460119259e-02
	4.8990357330e-01	2.6688227757e-02
	4.8975881679e-01	3.2859883105e-02
	4.8964414996e-01	3.8947102057e-02
	4.8956119189e-01	4.4946796591e-02
	4.8951210410e-01	5.0837091309e-02
	4.8949620055e-01	5.6604253403e-02
	4.8951444706e-01	6.2233969583e-02
	4.8956657380e-01	6.7711516202e-02
	4.8965231522e-01	7.3022756758e-02
	4.8977091457e-01	7.8153942772e-02
	4.8992129538e-01	8.3091767112e-02
